stage,unit_id,layout,candidate_count,seed,instance,pt01_ms,union11_ms,speedup,witness_overlap_ratio,leaf_reduction,interpolation_reduction,pairing_reduction
discovery,00cbe01931a19be009e313c82a9f4233d126474b22494aeb95d89e2c212f7953,Same-Branch,4,84011,1,39.5609,35.45275,1.1158767655541528,0.18181818181818177,0.19999999999999996,0.16666666666666663,0.09523809523809523
discovery,018b02f95c0101b08c75f418d662483a0d8f381cde47443f9997f41d95574921,Same-Branch,4,81013,4,47.4466,47.63765,0.9959895166953029,0.0,0.0,0.0,0.0
discovery,02928f6facc294ba1488977697e614f8a44c99536fbabc41a2fb4fcdeeaa223a,Same-Branch,16,81013,3,155.7789,135.15635,1.1525829160080159,0.24390243902439024,0.26315789473684215,0.2272727272727273,0.11904761904761907
discovery,032b02321516360bd815649f1c5c9fb4f0924a3b12eca9c53c740fc3b344a7b8,Disjoint-Branches,4,85009,3,40.869,40.6458,1.005491342278907,0.0,0.0,0.0,0.0
discovery,0543148363fd2d7509621a09680202bb2804cc48a71dbe7baac8e4a59089ebe8,Same-Branch,16,81013,2,171.7067,150.8856,1.137992624876065,0.22448979591836737,0.2272727272727273,0.2222222222222222,0.10989010989010994
discovery,0a8e7fc571152c4ea7c5c0492864936ce965cf666c5771ee6ea00331d846f692,Same-Branch,16,86017,2,152.0662,131.5018,1.1563811293837802,0.2558139534883721,0.25,0.26086956521739135,0.12048192771084343
discovery,0dbd24fb3009e577b8342bfcfdbc4afcadb6f487924dec5ddf87127381aac454,Disjoint-Branches,16,82003,3,172.8483,153.2904,1.1275872461680574,0.15384615384615385,0.17391304347826086,0.13793103448275867,0.08791208791208793
discovery,118da22a971b738d837f95cf61cd59138fb96b61b42032ebd01f84213c1adab0,Disjoint-Branches,16,86017,3,210.2988,196.4707,1.0703825048722277,0.109375,0.1071428571428571,0.11111111111111116,0.05607476635514019
discovery,11a882fd883aff4885bd2f88c2a73ce4505755d1c4fbf1a2973d8ad3a0bcdf3e,Disjoint-Branches,16,84011,0,157.7593,157.6588,1.0006374525240582,0.045454545454545414,0.050000000000000044,0.04166666666666663,0.022471910112359605
discovery,11f9d25258a7597b8de7c7c45e6ef5b37ca3ef880440e5cf28437324c1fe44e2,Same-Branch,4,86017,2,41.78175,41.86145,0.9980961003500836,0.0,0.0,0.0,0.0
discovery,197bfde6bcd36f5f7a8db0edf60bd37bc0cf4de1018e16ef5331aa1d742c4fd1,Same-Branch,4,85009,1,40.2349,36.78695,1.0937275310945866,0.18181818181818177,0.19999999999999996,0.16666666666666663,0.09090909090909094
discovery,197e23e4e3dcc54f372d75e5c8b3e1baa9cc2d5dbd7bffc4bac00f056ab85c06,Disjoint-Branches,4,81013,2,41.05655,40.841,1.0052777845792218,0.0,0.0,0.0,0.0
discovery,19827b9accee76f11a54f59f4706df48e3d1fb1090e756ff654e1fa64f1459e6,Same-Branch,4,82003,2,50.89085,45.79905,1.1111769785617824,0.15384615384615385,0.16666666666666663,0.1428571428571429,0.07999999999999996
discovery,1a68dd32c56b2b2d947d03e69b3f53619661b1787485bc88ac01fbd002b76be7,Same-Branch,16,85009,1,153.43315,129.15955,1.187934999773536,0.3023255813953488,0.30000000000000004,0.30434782608695654,0.1428571428571429
discovery,1c87f0cb1cbd60b59e840dbe005cbc554347f2e8e52ea5ce1e7896cd1fc877b8,Disjoint-Branches,16,86017,2,143.9963,145.2357,0.9914662854931672,0.0,0.0,0.0,0.0
discovery,21c5d6e431b36f09da033e0c898168832b01cb921cb32fc8aa5e3a6408d7c2cc,Disjoint-Branches,16,81013,1,164.95085,160.83105,1.0256157004508768,0.0444444444444444,0.04761904761904767,0.04166666666666663,0.022471910112359605
discovery,245bd350a29cde807c628bc8b7011478e5f7ada40afe0e2ed7db82a7b8d3d91d,Disjoint-Branches,4,82003,0,34.8886,34.6854,1.0058583726870671,0.0,0.0,0.0,0.0
discovery,2e0517f4a3f873cebbf7b375e692f6f20e7b9a5256af20b622a310d4cc2eb0c7,Same-Branch,4,84011,2,54.70245,51.1949,1.0685136605404055,0.125,0.1428571428571429,0.11111111111111116,0.0714285714285714
discovery,33097dadb57d7e2c85de30653a79ca6e2e94a7ddd4361208855755d59ca61a6c,Same-Branch,16,85009,2,166.5536,134.645,1.236983177986557,0.34693877551020413,0.36363636363636365,0.33333333333333337,0.1797752808988764
discovery,3631fe2d1673801a9bf3288a9b19bcf345e73d46003d2f74efd08ebce3a45d4a,Disjoint-Branches,4,81013,4,54.5041,55.05405,0.9900107258230776,0.0,0.0,0.0,0.0
discovery,37114ce1618b26ace3364de9db9d41a06c725591ea3e8648d566ae922922c1e3,Disjoint-Branches,4,85009,4,41.10005,40.8083,1.0071492809060902,0.0,0.0,0.0,0.0
discovery,3763274259a274a64174e46b676a16359b90d83e70ec73e7e97cc48b512b3c3e,Same-Branch,16,81013,1,148.32445,125.45925,1.1822520061294803,0.29268292682926833,0.3157894736842105,0.2727272727272727,0.14814814814814814
discovery,3978b78b1fd2f211a9b52c9ec68539b20efba34042dd068a4eabf40a9c8770ba,Disjoint-Branches,16,83023,4,149.8767,146.1829,1.0252683453399818,0.0,0.0,0.0,0.0
discovery,3979fb8287fbeb48b2c6879ad19d2ca93fcb6901a4f5fb5d6c52218f0cc2cdc4,Disjoint-Branches,16,82003,0,154.398,149.3261,1.033965261263771,0.045454545454545414,0.050000000000000044,0.04166666666666663,0.023255813953488413
discovery,39960d1a25c804d67b3907c065d2480ab8e189f6a2af91540526ea8bdbd8dcfa,Same-Branch,16,82003,3,192.41475,144.42335,1.332296681942359,0.28260869565217395,0.2857142857142857,0.28,0.13953488372093026
discovery,3e84e50c3bb19ae57fb55dd0b63d50f18293948a69cb0be4608af0193784b820,Same-Branch,16,84011,4,167.2061,154.5839,1.0816527465020613,0.12244897959183676,0.13636363636363635,0.11111111111111116,0.06593406593406592
discovery,4023e168bfe8fe0f72271a2f5e8ffa82e58f432ba18261ed4f5fe609d0d6a892,Disjoint-Branches,16,85009,1,146.8246,146.5618,1.0017931002484959,0.0,0.0,0.0,0.0
discovery,413aa49cd2ce95890cd67fafd166ebfa90617153294ab7b98636d90475bbd4d7,Disjoint-Branches,4,82003,4,40.7931,40.5993,1.0047734813161804,0.0,0.0,0.0,0.0
discovery,429e93ce98d05de70817b53630d81cf2b6e7037a0d3b74060b8cda5d6e75a9c5,Same-Branch,4,81013,2,35.38715,35.13645,1.0071350406771313,0.0,0.0,0.0,0.0
discovery,4555ebd75af6b14e46a56847ca3cfb3991818634d880f337bf4d58886cab65fc,Same-Branch,16,86017,4,147.2394,129.2587,1.1391063038696814,0.24390243902439024,0.26315789473684215,0.2272727272727273,0.12048192771084343
discovery,46eb2f2265d165ac7c8698ded6ea954d9d54904d1c9691bd1e7a1a6e62fa9e67,Same-Branch,16,82003,0,160.3967,143.25555,1.1196543519605349,0.18604651162790697,0.19999999999999996,0.17391304347826086,0.09411764705882353
discovery,475dc56bd09def5fd05c2a68360cbed7e51dc6163850a2e676adaecb18474e32,Same-Branch,4,84011,4,47.36795,47.1379,1.0048803616622717,0.0,0.0,0.0,0.0
discovery,48f99167f76b6265b05eb9e6640dd113417ab4977cb2a4eced89a76b9952eda6,Same-Branch,16,83023,3,148.8403,127.3996,1.1682948769069919,0.24390243902439024,0.26315789473684215,0.2272727272727273,0.12195121951219512
discovery,49895b72d65114552d2beb83e41f875dc8016569a6200957935182df39950c37,Disjoint-Branches,16,82003,2,174.9565,160.4548,1.0903787234785123,0.13461538461538458,0.13043478260869568,0.13793103448275867,0.06315789473684208
discovery,4bc608994adcc0eaaff2d8b20a78e77b3ffe917396ac548c2a0482a74b970dd4,Disjoint-Branches,16,81013,0,148.0086,145.7737,1.0153312977581004,0.0,0.0,0.0,0.0
discovery,4c43958cd7ec4456d50243c36ec99805ef1c8dbe7335e56aaec96bf4da5c7365,Disjoint-Branches,16,81013,2,152.8533,154.22785,0.9910875370434069,0.0,0.0,0.0,0.0
discovery,4dd4e1838309c3d23f48db383bf6f06084f25d0b65750579ef8d2452b67f5609,Same-Branch,4,85009,2,54.6512,49.3729,1.1069068254042198,0.11764705882352944,0.1428571428571429,0.09999999999999998,0.0714285714285714
discovery,5026840e15db5777947e3fed8ecb40e22fa479250e8a5cd846b071d2dd04e2b5,Same-Branch,4,85009,4,35.5102,34.98355,1.0150542183397624,0.0,0.0,0.0,0.0
discovery,525ffcd3ebc008e41a0a1ca3a258d688a8475f47d7df9ce7651c8c605bb2351a,Same-Branch,4,83023,1,59.8723,51.0521,1.1727686030545266,0.26315789473684215,0.25,0.2727272727272727,0.1333333333333333
discovery,551b97f9b59e227533d3e11b25ce3a942c207117b7be3155eb813daf8f00b934,Disjoint-Branches,16,83023,3,147.4654,145.7933,1.0114689769694492,0.0,0.0,0.0,0.0
discovery,566e8d1a86cb56a343fec2e53ccfcfe668e5b508356726b78e20e3dded59563e,Disjoint-Branches,4,84011,2,39.8893,39.8833,1.000150438905507,0.0,0.0,0.0,0.0
discovery,571c209941d52655b4b70014c23ee5c6851fe7af25ab793de102607d677b81e2,Disjoint-Branches,16,86017,1,152.4038,149.52305,1.0192662602856213,0.0,0.0,0.0,0.0
discovery,61b5c79da0e67b03fb7b4b4189d4d3f310e6db586490200f94a37560f5178ad0,Same-Branch,16,82003,2,173.5765,150.3041,1.1548354303042965,0.30612244897959184,0.31818181818181823,0.2962962962962963,0.15384615384615385
discovery,638519211f5275fd20e89bfe3faa400c7fd0c6b60d94b7fc9aec6b9c62e1e0b5,Same-Branch,16,84011,0,158.9995,139.9757,1.1359078754383798,0.23913043478260865,0.23809523809523814,0.24,0.11627906976744184
discovery,649febf902998f425e030b09f58f268819dd2496a529b56074d8296c19a0bcab,Disjoint-Branches,16,85009,4,153.9982,151.2629,1.0180830858062353,0.046511627906976716,0.050000000000000044,0.04347826086956519,0.02352941176470591
discovery,66d2150c9a0fa1e58e618d314de19083b9d98c6b1c64ec59c6743dff96015b1e,Disjoint-Branches,16,84011,3,168.493,163.7146,1.0291873785233572,0.08163265306122447,0.09090909090909094,0.07407407407407407,0.04347826086956519
discovery,6740dfbf6c5f1c03189fd11b39a3a95cfa9460a9c74ef36b418610816439127d,Same-Branch,4,83023,0,48.1143,47.51335,1.0126480241868863,0.0,0.0,0.0,0.0
discovery,68adf503fbfaa3c7050037539b8dcdffa443113b7be100252a71a1b77460be3e,Disjoint-Branches,16,84011,1,147.4511,149.20875,0.9882201948612263,0.0,0.0,0.0,0.0
discovery,6b0251376ceb0b41928035452c075392d85121404aeae94e28020ebe113a0958,Disjoint-Branches,4,84011,3,33.8617,33.5576,1.0090620306577347,0.0,0.0,0.0,0.0
discovery,6fb80250856c9660b8b77bb83aa86b46df3bd8e72d50de189b6f228b94acba9d,Same-Branch,4,84011,0,35.421,35.92,0.9861080178173719,0.0,0.0,0.0,0.0
discovery,7075caa1a5904390385672869012101e4eff070a5b69abd6ff446305a4f71f37,Same-Branch,16,84011,1,171.4257,147.6443,1.1610722527046422,0.25,0.26086956521739135,0.24137931034482762,0.13043478260869568
discovery,7482c0b04c3e39b31790c8221d90136dc8cb039628e927fbf614eb8dfdba3124,Disjoint-Branches,16,85009,0,157.7189,155.508,1.0142172749954985,0.0,0.0,0.0,0.0
discovery,757eed951deb8e961850a30bc11d8e246d41636223864e8220463b7af2f10c13,Same-Branch,16,85009,3,153.83095,131.3905,1.170792028342993,0.2790697674418605,0.30000000000000004,0.26086956521739135,0.1428571428571429
discovery,7641041c7e6d928462e2fdc01a19268056a5d18d38b869d9c71acaf12d1869f0,Disjoint-Branches,16,86017,0,162.94305,158.99965,1.0248013124557191,0.04255319148936165,0.04761904761904767,0.038461538461538436,0.02197802197802201
discovery,77767015254223d93ba2031abf61b19e19d0aef84c425714232c5e06dbc6369f,Same-Branch,16,84011,2,169.95155,145.52745,1.1678315671716917,0.28846153846153844,0.30434782608695654,0.27586206896551724,0.1573033707865169
discovery,7a9e2526db4f29a93b908e4fac8f4c3f13185b41b741cdffb7f9f324a7a15332,Disjoint-Branches,4,85009,0,49.1816,48.3257,1.0177110729901482,0.0,0.0,0.0,0.0
discovery,7b34adcf82ca348a7c41530da922f1594dd278928c35a3fb28c051d3948be857,Disjoint-Branches,4,82003,1,53.4915,53.4482,1.0008101301821204,0.0,0.0,0.0,0.0
discovery,7bc256a6d3128e32e54bf3b0f29346753c860fe156711822a09565b09a97d82f,Disjoint-Branches,16,81013,3,178.5931,172.4795,1.0354453717688188,0.038461538461538436,0.04347826086956519,0.03448275862068961,0.02083333333333337
discovery,7c81c34e3e8670b953fbd5a7849a83cd2df7cb789af47f12c35d994bbb0506eb,Disjoint-Branches,4,84011,4,34.8966,34.56855,1.009489839753186,0.0,0.0,0.0,0.0
discovery,7d4ceb35f02422bf1cb78988911accb0842c4a06ac427db961b481fd061cd67f,Same-Branch,4,84011,3,40.10305,36.5173,1.0981931851478615,0.18181818181818177,0.19999999999999996,0.16666666666666663,0.09090909090909094
discovery,806855d905fbde9082b1c9e4e0119606ca39d5ea75ad63e6c914d6b924e4a7df,Same-Branch,4,83023,3,35.3567,35.37825,0.9993908686834424,0.0,0.0,0.0,0.0
discovery,853999498bfc2582a40465a2071192ebaae1cc066eb4bb141f856d08df824fe7,Same-Branch,4,86017,0,54.00985,50.56675,1.0680901976100896,0.125,0.1428571428571429,0.11111111111111116,0.07407407407407407
discovery,85a57231966165b9454ff9726cf1ac065ab2c1e2bae902ce1b919548274d9be9,Disjoint-Branches,4,83023,3,40.8461,40.86925,0.9994335594609639,0.0,0.0,0.0,0.0
discovery,870d62fcdc259041ff8e6d40edf8a80f3c3581a14eb509964edaf712822e696e,Disjoint-Branches,16,81013,4,157.8547,156.8216,1.006587740464324,0.0,0.0,0.0,0.0
discovery,88cf8d82bd0c557e89ca5b9b72d9b2cd119c285dde7f93e2e35703aa534139ef,Disjoint-Branches,16,84011,2,168.8118,157.48145,1.0719472039405276,0.12,0.13636363636363635,0.1071428571428571,0.06451612903225812
discovery,89531c3645d00737412327caf5f6b4b2f6a5ef3595b09af187cc996b49133cce,Same-Branch,4,85009,0,35.6155,34.4427,1.0340507567641328,0.0,0.0,0.0,0.0
discovery,895bb5f0c41679ed4fb14fd06d7b4709a173e8dca4c1a4d67442a8ae22fca646,Disjoint-Branches,4,81013,1,46.9067,47.4558,0.9884292330969028,0.0,0.0,0.0,0.0
discovery,8f4d8fa7bdcccac51969ee5623cb413705dd29778833384da8ce8e5fb4b67325,Disjoint-Branches,4,81013,0,49.61295,49.84815,0.9952816704331053,0.0,0.0,0.0,0.0
discovery,915c3944010208efa11b525da3ae56a00cfd056aa0e765c5b8e8c45dc38698b9,Same-Branch,4,85009,3,48.8619,45.2411,1.0800334209380407,0.15384615384615385,0.16666666666666663,0.1428571428571429,0.07999999999999996
discovery,941d03c693c508c8bc746be46a3082ee843f9afc50dc83806829a4a0bdae149a,Disjoint-Branches,4,84011,0,47.1521,47.26225,0.9976693873017047,0.0,0.0,0.0,0.0
discovery,949166f2bbdf79071f8b904f88982661f3e33f108b4210847d7fc2e972e4b94b,Same-Branch,4,82003,3,53.2665,53.23445,1.000602053745272,0.0,0.0,0.0,0.0
discovery,96a680d0319fbf6ff473c6c95b26ded952ceb7be1bfa9ea206da5c12c19d6a55,Same-Branch,16,83023,1,156.7866,137.1553,1.1431319095944523,0.2325581395348837,0.25,0.21739130434782605,0.11764705882352944
discovery,97376127aaf0504dea01aaafaa39f10b82e8ebc8bc82029fd96d211b0dab15eb,Same-Branch,16,86017,3,160.9843,129.3289,1.2447666376192792,0.34693877551020413,0.36363636363636365,0.33333333333333337,0.18823529411764706
discovery,9816f8d3a30d6285230c4527f538dfc7b366a4b9cfbeb5a5db52fecfe9300815,Same-Branch,16,82003,1,158.1673,137.167,1.1531002354793791,0.2558139534883721,0.25,0.26086956521739135,0.11627906976744184
discovery,9b36266c133fd0e063e8f093e6e5d0246edc095a42c4e11e0e6b5d3c9cc637b2,Disjoint-Branches,4,82003,3,34.44415,34.66,0.9937723600692442,0.0,0.0,0.0,0.0
discovery,a1ad6d5083f6af2b68560ca3a3852c3007d55f26e95ebe5b8263d06feea6e1f6,Same-Branch,4,82003,4,34.6592,34.6192,1.0011554282016915,0.0,0.0,0.0,0.0
discovery,a5dc21dc76f8ecdc19fe8d3e0c168a3047e01dd906257421d3ffea8d6d4796dd,Same-Branch,4,83023,2,35.17805,35.33615,0.9955258283655688,0.0,0.0,0.0,0.0
discovery,a655f3f15b5d4ba72b38972f915b816b5d30768678465fb02e26eeef8a49eaaa,Same-Branch,16,82003,4,163.0156,126.1662,1.2920703009205319,0.3695652173913043,0.38095238095238093,0.36,0.19277108433734935
discovery,ab46de83443b6eac09f023f883d5cebd5f15c8a0207c7c172e44adcff494f8ec,Disjoint-Branches,4,83023,2,66.61305,64.8172,1.0277063804052011,0.0,0.0,0.0,0.0
discovery,ac3e1b7df20d42f4907032a5b993075bb93c0e275b4aa7738087d357ec8bc94f,Same-Branch,16,83023,2,156.579,141.0085,1.1104224213433942,0.2093023255813954,0.19999999999999996,0.21739130434782605,0.09411764705882353
discovery,adddd10d92a1942e81bac90d26bf59b773a6471da42d03e8a7a4e7d8e8776731,Same-Branch,4,81013,0,40.1818,37.1922,1.0803824457816424,0.18181818181818177,0.19999999999999996,0.16666666666666663,0.09090909090909094
discovery,b20aeea5bc10de635bec47d426f5d141e05629b817b83275e4a2b60daa5874df,Same-Branch,4,81013,3,40.92295,36.2751,1.1281278342444265,0.18181818181818177,0.19999999999999996,0.16666666666666663,0.09090909090909094
discovery,b51642a1b01c34465ee580bb350f6443276ef9a490eebf515ec03084a6e349f4,Same-Branch,16,86017,0,174.6097,149.7962,1.1656483942850353,0.2549019607843137,0.26086956521739135,0.25,0.13186813186813184
discovery,b5b7437e0c769f70e27454ea30e445af321ffe471e239ceb2aa596ffd861bb24,Same-Branch,4,86017,3,47.6889,47.27815,1.008687945700075,0.0,0.0,0.0,0.0
discovery,b647f38a2ba5eda3b956c7bdd6782e4c84b0e19ceaa2d95d113893f2c9445c01,Disjoint-Branches,4,81013,3,35.79325,35.14,1.0185899260102447,0.0,0.0,0.0,0.0
discovery,b7455a1cbb2e9649c89993de07da403e54ff9c5b17e37acefb528316da4c200f,Same-Branch,4,82003,0,48.3403,44.7187,1.0809862540726811,0.15384615384615385,0.16666666666666663,0.1428571428571429,0.07999999999999996
discovery,bbe77294771e3ebe96b08dded239486cb6c5b6df1187d1d651a23387093c4196,Disjoint-Branches,16,82003,4,184.44495,180.9483,1.0193240279129454,0.03703703703703709,0.04166666666666663,0.033333333333333326,0.020618556701030966
discovery,bc30ea84f4d022be9718c70da1f34bfe6175e950550d35a78d53c659766de1e7,Disjoint-Branches,16,86017,4,170.3176,170.0904,1.001335760278064,0.04166666666666663,0.045454545454545414,0.038461538461538436,0.021739130434782594
discovery,bd21cedc51aae1a32561b45b8943789d6285f046a030db1cb72b9252773302e6,Same-Branch,16,81013,0,166.3676,135.2746,1.229850984589864,0.30434782608695654,0.33333333333333337,0.28,0.16091954022988508
discovery,bf32f01aa6ffaa5b31488dda6f0f94d1d7f787e1af06b1563eaa13c2564139bf,Disjoint-Branches,16,82003,1,169.2649,159.1029,1.063870614551966,0.04347826086956519,0.04761904761904767,0.040000000000000036,0.022471910112359605
discovery,c004c619abc955de74b615637595a30ab4692937f8dac2d6fc683f225f6a259c,Disjoint-Branches,16,84011,4,164.99425,162.48565,1.0154389018353314,0.0444444444444444,0.04761904761904767,0.04166666666666663,0.022471910112359605
discovery,c448026101596212b3049648376e4b6eb2a308f402f83bf05c2a147f3341c0b3,Disjoint-Branches,4,86017,0,41.4296,40.9149,1.0125797692283252,0.0,0.0,0.0,0.0
discovery,c7c01571c35945da736f986f8890ce6df439973627ca24335fa0d7a82275be5e,Same-Branch,16,84011,3,161.1873,128.0429,1.2588538685081327,0.3695652173913043,0.38095238095238093,0.36,0.18604651162790697
discovery,cfbf0159a570df95790ea80881ef373fef66b9c61c8da5458a2f67eec6fb23a7,Same-Branch,16,85009,0,162.0633,145.2196,1.1159877867725843,0.19565217391304346,0.19047619047619047,0.19999999999999996,0.0898876404494382
discovery,d091959493b49ab102b7649996a4f9315d321fa92f4886b629aacc63d8d973be,Disjoint-Branches,4,86017,1,49.6022,49.0801,1.0106377126370973,0.0,0.0,0.0,0.0
discovery,d3736d8e5d9fe4d4b80162c0d6025851ceb901c14fed3ffa59b8073996a14e24,Disjoint-Branches,4,83023,0,39.7321,39.619,1.002854690931119,0.0,0.0,0.0,0.0
discovery,d3ad965957c9f90f603978bfddf6d886373d524176537f55ee46ebb1235c4cdf,Disjoint-Branches,16,83023,0,179.1686,172.1992,1.040472894183016,0.07547169811320753,0.08333333333333337,0.06896551724137934,0.04255319148936165
discovery,d4daa103d9553a48a34352e5f859fe1f504a2fbb2e974da493d51d1d1feb00f9,Same-Branch,4,86017,1,47.78455,47.58125,1.0042726914488376,0.0,0.0,0.0,0.0
discovery,d68872b92c7564f56cae23bc3c89b81efde0ecc97a9a5e9b2d8519154611fee7,Same-Branch,16,85009,4,166.8334,154.9797,1.076485501004325,0.12244897959183676,0.13636363636363635,0.11111111111111116,0.06666666666666665
discovery,d8e3b411275410083647a925c89b96e7ad7f54fa1af662ae8036879b0eb03f21,Disjoint-Branches,4,85009,2,34.2925,34.3646,0.9979019106871605,0.0,0.0,0.0,0.0
discovery,e07c6973508f7a3344c69d3551d6bc3b6760c3810afe9cd6638d936101f7ed8c,Disjoint-Branches,16,83023,2,155.47465,154.2053,1.008231558837472,0.0,0.0,0.0,0.0
discovery,e0f967a3cf5460b4b481246deefba1c5b468478d2947b1bd42664531fb8ed2b2,Same-Branch,16,83023,4,157.2106,142.186,1.1056686312295163,0.2093023255813954,0.19999999999999996,0.21739130434782605,0.09195402298850575
discovery,e1919f5d47500c5cb91c75468f236b8a3390ed8901a36aae6ace55f218080d57,Disjoint-Branches,4,86017,4,34.80645,34.31935,1.0141931592527247,0.0,0.0,0.0,0.0
discovery,e1b3e23b29322da45d714c1191ffaf703e74613852b2032d7f3eca84e90412b9,Disjoint-Branches,4,86017,3,34.36655,34.34595,1.0005997795955561,0.0,0.0,0.0,0.0
discovery,e373f605a948bb5c835175eae66ab698f33856acc818f8057397c3e033db48f6,Disjoint-Branches,16,85009,2,174.75425,165.99295,1.052781157272041,0.07692307692307687,0.08695652173913049,0.06896551724137934,0.04255319148936165
discovery,e6810fe576e55fef52527fdd9c721f08d9f4c76df13f3d878fe471b06e1ad213,Disjoint-Branches,4,83023,4,46.47075,46.1031,1.007974517982522,0.0,0.0,0.0,0.0
discovery,ea2e62507990c4fafc77ea95252596fa207fbf409406099064ff2ed5d6b71d7b,Same-Branch,4,83023,4,36.32405,36.09025,1.0064782039470495,0.0,0.0,0.0,0.0
discovery,ea98bd1a5af9e517cca9a7b84d4dc5864dbef2dc08c456a4d65aa1f01935ac6a,Disjoint-Branches,4,85009,1,35.661,34.92995,1.0209290308173933,0.0,0.0,0.0,0.0
discovery,ed1cd6be05b614118d88eb14d63f7ec112bebe1be471f9bd88669d363c62b935,Same-Branch,4,86017,4,50.2594,50.4321,0.9965755937190798,0.0,0.0,0.0,0.0
discovery,ee5297a6cfeb67c2de8bff4a46826879e853ed25206537dcb524e2cbe44d3e43,Same-Branch,16,83023,0,169.28585,140.7241,1.20296274767435,0.30612244897959184,0.31818181818181823,0.2962962962962963,0.1573033707865169
discovery,eeb952a327fdab298be4107b963f5bae40f267e2880033eb23b1247a85811c6a,Disjoint-Branches,16,85009,3,173.2579,161.8516,1.070473816755596,0.08333333333333337,0.09090909090909094,0.07692307692307687,0.04347826086956519
discovery,f0916b363d77d91a7e769316aaa60478556466cbf783fb6e88cec352a483f7aa,Same-Branch,4,81013,1,42.205,42.5368,0.9921996953226383,0.0,0.0,0.0,0.0
discovery,f11a5a39a1c0edea2faee3baa22c7ff48743ebe98ead557c652ee5e8bc519b62,Disjoint-Branches,4,82003,2,34.674,34.9862,0.9910764815841675,0.0,0.0,0.0,0.0
discovery,f125dd7282e7c88caa30afce6fe27d6c1f765e9f5372733354c9367eaf316b0a,Same-Branch,16,81013,4,168.1321,136.7474,1.2295085683530365,0.32608695652173914,0.33333333333333337,0.31999999999999995,0.16091954022988508
discovery,f1604e75fd6cc9dc0fb70f96dc4066079c1a553fbead1390c48531a7ac38dc06,Disjoint-Branches,16,83023,1,142.718,146.0212,0.9773786272130348,0.0,0.0,0.0,0.0
discovery,f242f70a2e00744cdafb457d3ea2b24aa48eedfc274428d3f24ea825b4dff1a0,Disjoint-Branches,4,83023,1,54.85285,54.40275,1.0082734788223022,0.0,0.0,0.0,0.0
discovery,f3acc0c022bfad6b313dc59714beb66b8a59972f6099ded1b45241c02c3c8c6e,Same-Branch,16,86017,1,169.7792,145.6608,1.1655792086820889,0.26530612244897955,0.2727272727272727,0.2592592592592593,0.13043478260869568
discovery,f6b0319f78304f79cdfd03c683914fb007bc39cd1fd5392d325205e35187e0f0,Same-Branch,4,82003,1,47.89885,47.80265,1.0020124407328883,0.0,0.0,0.0,0.0
discovery,f8256a7836ba815a8c8604b0a49000965e7ffbb73ebbd49daf7f539f894908ad,Disjoint-Branches,4,84011,1,34.3723,34.0142,1.0105279559713296,0.0,0.0,0.0,0.0
discovery,fb6c4e6ebc07652a5a5aa370db910498c2ed64b1914d4168a4212ee226ff34ba,Disjoint-Branches,4,86017,2,46.668,46.8752,0.9955797521930573,0.0,0.0,0.0,0.0
holdout,0262267a6eeec70d3f6e4a824168a55c893380f53c24697f637f16e7e3911010,Same-Branch,16,76003,0,164.5053,132.2806,1.2436086621923397,0.34693877551020413,0.36363636363636365,0.33333333333333337,0.1797752808988764
holdout,03563e904b5d26d0ed3f5ebe03e8f7679e666943af74c5a0169243ddfb22198a,Same-Branch,16,71011,3,158.2374,134.6627,1.1750648100773267,0.28260869565217395,0.2857142857142857,0.28,0.13793103448275867
holdout,058c6e5297e466de3c82c0bac91a2827664161da62c33d919d31927bbc20cd5b,Same-Branch,16,74017,2,152.4468,137.4102,1.1094285577053231,0.18181818181818177,0.19999999999999996,0.16666666666666663,0.09411764705882353
holdout,06a538aa804070d09f4a9dd12c8da618ca7236bc4f4f2e695e1a982dadb24ef6,Same-Branch,16,74017,0,147.594,132.9021,1.1105467859424343,0.14634146341463417,0.1578947368421053,0.13636363636363635,0.07317073170731703
holdout,0917687baff1f93db589b062aa5dcc7dc01a81b3f87cfb29554a4406abe7150f,Same-Branch,16,74017,4,166.2994,136.1062,1.2218355960272198,0.33333333333333337,0.31818181818181823,0.34615384615384615,0.15909090909090906
holdout,0f7a93b6a561c39619efe9e7b00af4ed549c875c26e7f7c8079a63adda9d24c0,Same-Branch,16,76003,3,162.4044,132.711,1.2237448289893076,0.34693877551020413,0.36363636363636365,0.33333333333333337,0.1797752808988764
holdout,221f903dc89f0adbfec3f1c8df2d60b4c8144afc94f33abe470d976311900f9c,Same-Branch,16,76003,2,145.5868,126.4284,1.1515355727036016,0.24390243902439024,0.26315789473684215,0.2272727272727273,0.12048192771084343
holdout,3e8160b55a67757957355cb97321f1ffdae525d698745e09d649dcee3a516644,Same-Branch,16,71011,4,165.7777,138.7448,1.1948390137864626,0.30612244897959184,0.31818181818181823,0.2962962962962963,0.15384615384615385
holdout,43185632915941434c935fbbfeb164798b88236f59b1474140fb82d58621d0b4,Same-Branch,16,74017,3,175.8599,153.0316,1.1491737654183842,0.23529411764705888,0.21739130434782605,0.25,0.10752688172043012
holdout,4351b336e99eef2529779ccdacb9f9778d2d33be3bc9097266388ae03389c7d8,Same-Branch,16,72019,3,159.4588,139.40805,1.1438277775207386,0.23913043478260865,0.23809523809523814,0.24,0.11363636363636365
holdout,4506f0f3cc2c53c984601d7f858be6c0828b3bfb60b6c96aa24bb3a5854f6b79,Same-Branch,16,76003,4,148.4426,129.0325,1.1504279929475132,0.24390243902439024,0.26315789473684215,0.2272727272727273,0.12345679012345678
holdout,492d871523e95403bacbbca2ba6e838f18ec154ad398768887ff1b7906bf9142,Same-Branch,16,76003,1,160.8545,154.0536,1.0441463230979349,0.08695652173913049,0.09523809523809523,0.07999999999999996,0.0449438202247191
holdout,4acede300c3dcf8fd04515d729c39eb0474ffcc33cd8571beb8e64dca61852e4,Same-Branch,16,72019,2,151.14295,137.90345,1.0960055749149133,0.15000000000000002,0.1578947368421053,0.1428571428571429,0.0714285714285714
holdout,55b48625e2e41eb4c57d7e37abb6d201c104e9089ec11de9d7ae4935516962f5,Same-Branch,16,75029,0,161.4531,135.4727,1.1917759076182877,0.28260869565217395,0.2857142857142857,0.28,0.13793103448275867
holdout,57c3c16bdd6df100453592eea337117d128b23f230a68bfeeb368568872a20dc,Same-Branch,16,72019,0,154.7678,134.8271,1.1478983082777867,0.2558139534883721,0.25,0.26086956521739135,0.11627906976744184
holdout,669b6ffe148c0e645160609732814a9f86bff5f35a3273abe5ff4cb2145040b2,Same-Branch,16,72019,4,159.2186,136.5008,1.1664297938180583,0.28260869565217395,0.2857142857142857,0.28,0.13793103448275867
holdout,7466415a8026c079e057f693ef58d3fcf867b551b56967245670ad768d273ba2,Same-Branch,16,71011,2,159.1436,136.5289,1.1656403882254966,0.28260869565217395,0.2857142857142857,0.28,0.13636363636363635
holdout,7898c414cff1f3335a79993c475b2cc9b8ea1b0aa4d6f4c966d73894c175bbad,Same-Branch,16,73009,2,158.66765,135.96465,1.1669772253302604,0.28260869565217395,0.2857142857142857,0.28,0.13793103448275867
holdout,78fc011d317220789d1942f450cae7cff0d9bb63d7bd96db03370007b4b9e573,Same-Branch,16,75029,3,152.6159,140.0051,1.090073861595042,0.18604651162790697,0.19999999999999996,0.17391304347826086,0.09411764705882353
holdout,7ff332bdc279236b7cadf9ebf81f47b7b3d01413770ed943573656a5e8627506,Same-Branch,16,71011,1,167.2233,136.7014,1.223274231280733,0.30612244897959184,0.31818181818181823,0.2962962962962963,0.1573033707865169
holdout,89bb9e1e9262ea1b1b4a218e0632dccea093e650bb2a186d13190653dd0d76d3,Same-Branch,16,74017,1,160.5261,140.1029,1.1457728569501417,0.23913043478260865,0.23809523809523814,0.24,0.11494252873563215
holdout,986460b3df0d6d46f37e3c30e20e5bf94a6e24436e5eea3067fe595e3104a698,Same-Branch,16,73009,0,163.634,136.0022,1.2031717133987538,0.34693877551020413,0.36363636363636365,0.33333333333333337,0.1797752808988764
holdout,acb4dd4c404115fe7791f72639302f68ddd499ecda1f80f465cecf59338c9b26,Same-Branch,16,71011,0,162.73275,152.18105,1.0693364909757161,0.15217391304347827,0.1428571428571429,0.16000000000000003,0.0674157303370787
holdout,b2e625ecbd9516c9b762b1117aa81e4c08d24b9295948e5782202d2b87bfd192,Same-Branch,16,75029,2,154.03355,139.23605,1.1062763558719166,0.18604651162790697,0.19999999999999996,0.17391304347826086,0.09523809523809523
holdout,baae5546a232bb2c2a357d27e83c4d2025052c677426f3f332906212e9eb5f49,Same-Branch,16,72019,1,166.3286,155.1551,1.0720150352776028,0.1428571428571429,0.13636363636363635,0.14814814814814814,0.06593406593406592
holdout,d7040721410cc02240575b5464b1677628c8582125e65e5738e3072d8e740bdf,Same-Branch,16,73009,3,143.3157,144.0986,0.9945669145987538,0.0,0.0,0.0,0.0
holdout,f5cbf31ff707c029e4b65e91a29ba62cad80802895fe3792a2673321f55f02c5,Same-Branch,16,73009,1,162.8676,137.7072,1.1827094008156438,0.28260869565217395,0.2857142857142857,0.28,0.14117647058823535
holdout,f7d50dcac8a6bc2271570b33e814196729e122c193d0dbc24c88f3496110043a,Same-Branch,16,73009,4,163.4563,132.612,1.2325905649564142,0.34693877551020413,0.36363636363636365,0.33333333333333337,0.18181818181818177
holdout,fb12670bc153d6a5e46fd9435cb2c0d891ada07175a6cc7383dd22fdbb726031,Same-Branch,16,75029,4,163.6222,123.0792,1.3294057809930515,0.4285714285714286,0.4545454545454546,0.40740740740740744,0.2272727272727273
holdout,fca80a25d3a2f2a59d9a97952e51c0ad3ff0be1374619d1828e97a7b2e9bfbe1,Same-Branch,16,75029,1,163.5291,131.2574,1.2458657569020872,0.34693877551020413,0.36363636363636365,0.33333333333333337,0.18181818181818177
