unit_id,layout,candidate_count,seed,instance,method,median_ms,latency_relative_to_pt00
00cbe01931a19be009e313c82a9f4233d126474b22494aeb95d89e2c212f7953,Same-Branch,4,84011,1,PT00,41.378,1.0
00cbe01931a19be009e313c82a9f4233d126474b22494aeb95d89e2c212f7953,Same-Branch,4,84011,1,PT01,39.5609,0.9560853593697133
00cbe01931a19be009e313c82a9f4233d126474b22494aeb95d89e2c212f7953,Same-Branch,4,84011,1,Union10,36.7205,0.8874401856058776
00cbe01931a19be009e313c82a9f4233d126474b22494aeb95d89e2c212f7953,Same-Branch,4,84011,1,Union11,35.45275,0.8568019237275848
018b02f95c0101b08c75f418d662483a0d8f381cde47443f9997f41d95574921,Same-Branch,4,81013,4,PT00,47.83495,1.0
018b02f95c0101b08c75f418d662483a0d8f381cde47443f9997f41d95574921,Same-Branch,4,81013,4,PT01,47.4466,0.9918814590587007
018b02f95c0101b08c75f418d662483a0d8f381cde47443f9997f41d95574921,Same-Branch,4,81013,4,Union10,47.3957,0.9908173835239714
018b02f95c0101b08c75f418d662483a0d8f381cde47443f9997f41d95574921,Same-Branch,4,81013,4,Union11,47.63765,0.9958754007268744
02928f6facc294ba1488977697e614f8a44c99536fbabc41a2fb4fcdeeaa223a,Same-Branch,16,81013,3,PT00,159.59755,1.0
02928f6facc294ba1488977697e614f8a44c99536fbabc41a2fb4fcdeeaa223a,Same-Branch,16,81013,3,PT01,155.7789,0.976073254257349
02928f6facc294ba1488977697e614f8a44c99536fbabc41a2fb4fcdeeaa223a,Same-Branch,16,81013,3,Union10,132.8164,0.8321957323279711
02928f6facc294ba1488977697e614f8a44c99536fbabc41a2fb4fcdeeaa223a,Same-Branch,16,81013,3,Union11,135.15635,0.8468572982479994
032b02321516360bd815649f1c5c9fb4f0924a3b12eca9c53c740fc3b344a7b8,Disjoint-Branches,4,85009,3,PT00,40.8911,1.0
032b02321516360bd815649f1c5c9fb4f0924a3b12eca9c53c740fc3b344a7b8,Disjoint-Branches,4,85009,3,PT01,40.869,0.999459540095522
032b02321516360bd815649f1c5c9fb4f0924a3b12eca9c53c740fc3b344a7b8,Disjoint-Branches,4,85009,3,Union10,41.1852,1.0071922741134378
032b02321516360bd815649f1c5c9fb4f0924a3b12eca9c53c740fc3b344a7b8,Disjoint-Branches,4,85009,3,Union11,40.6458,0.9940011396122873
0543148363fd2d7509621a09680202bb2804cc48a71dbe7baac8e4a59089ebe8,Same-Branch,16,81013,2,PT00,178.38365,1.0
0543148363fd2d7509621a09680202bb2804cc48a71dbe7baac8e4a59089ebe8,Same-Branch,16,81013,2,PT01,171.7067,0.9625697198145683
0543148363fd2d7509621a09680202bb2804cc48a71dbe7baac8e4a59089ebe8,Same-Branch,16,81013,2,Union10,154.9527,0.8686485560756269
0543148363fd2d7509621a09680202bb2804cc48a71dbe7baac8e4a59089ebe8,Same-Branch,16,81013,2,Union11,150.8856,0.8458488207859858
0a8e7fc571152c4ea7c5c0492864936ce965cf666c5771ee6ea00331d846f692,Same-Branch,16,86017,2,PT00,161.0397,1.0
0a8e7fc571152c4ea7c5c0492864936ce965cf666c5771ee6ea00331d846f692,Same-Branch,16,86017,2,PT01,152.0662,0.9442777153708061
0a8e7fc571152c4ea7c5c0492864936ce965cf666c5771ee6ea00331d846f692,Same-Branch,16,86017,2,Union10,138.6742,0.8611180969661518
0a8e7fc571152c4ea7c5c0492864936ce965cf666c5771ee6ea00331d846f692,Same-Branch,16,86017,2,Union11,131.5018,0.8165800110159172
0dbd24fb3009e577b8342bfcfdbc4afcadb6f487924dec5ddf87127381aac454,Disjoint-Branches,16,82003,3,PT00,180.0726,1.0
0dbd24fb3009e577b8342bfcfdbc4afcadb6f487924dec5ddf87127381aac454,Disjoint-Branches,16,82003,3,PT01,172.8483,0.959881181256893
0dbd24fb3009e577b8342bfcfdbc4afcadb6f487924dec5ddf87127381aac454,Disjoint-Branches,16,82003,3,Union10,164.9805,0.9161888038491143
0dbd24fb3009e577b8342bfcfdbc4afcadb6f487924dec5ddf87127381aac454,Disjoint-Branches,16,82003,3,Union11,153.2904,0.8512699877715988
118da22a971b738d837f95cf61cd59138fb96b61b42032ebd01f84213c1adab0,Disjoint-Branches,16,86017,3,PT00,220.1695,1.0
118da22a971b738d837f95cf61cd59138fb96b61b42032ebd01f84213c1adab0,Disjoint-Branches,16,86017,3,PT01,210.2988,0.9551677230497412
118da22a971b738d837f95cf61cd59138fb96b61b42032ebd01f84213c1adab0,Disjoint-Branches,16,86017,3,Union10,204.7279,0.9298649449628582
118da22a971b738d837f95cf61cd59138fb96b61b42032ebd01f84213c1adab0,Disjoint-Branches,16,86017,3,Union11,196.4707,0.8923611126881789
11a882fd883aff4885bd2f88c2a73ce4505755d1c4fbf1a2973d8ad3a0bcdf3e,Disjoint-Branches,16,84011,0,PT00,159.4641,1.0
11a882fd883aff4885bd2f88c2a73ce4505755d1c4fbf1a2973d8ad3a0bcdf3e,Disjoint-Branches,16,84011,0,PT01,157.7593,0.9893091924765511
11a882fd883aff4885bd2f88c2a73ce4505755d1c4fbf1a2973d8ad3a0bcdf3e,Disjoint-Branches,16,84011,0,Union10,158.1625,0.9918376612667051
11a882fd883aff4885bd2f88c2a73ce4505755d1c4fbf1a2973d8ad3a0bcdf3e,Disjoint-Branches,16,84011,0,Union11,157.6588,0.9886789565801959
11f9d25258a7597b8de7c7c45e6ef5b37ca3ef880440e5cf28437324c1fe44e2,Same-Branch,4,86017,2,PT00,41.76095,1.0
11f9d25258a7597b8de7c7c45e6ef5b37ca3ef880440e5cf28437324c1fe44e2,Same-Branch,4,86017,2,PT01,41.78175,1.000498072960505
11f9d25258a7597b8de7c7c45e6ef5b37ca3ef880440e5cf28437324c1fe44e2,Same-Branch,4,86017,2,Union10,41.80055,1.0009482542901922
11f9d25258a7597b8de7c7c45e6ef5b37ca3ef880440e5cf28437324c1fe44e2,Same-Branch,4,86017,2,Union11,41.86145,1.0024065544485936
197bfde6bcd36f5f7a8db0edf60bd37bc0cf4de1018e16ef5331aa1d742c4fd1,Same-Branch,4,85009,1,PT00,41.1104,1.0
197bfde6bcd36f5f7a8db0edf60bd37bc0cf4de1018e16ef5331aa1d742c4fd1,Same-Branch,4,85009,1,PT01,40.2349,0.9787036856853741
197bfde6bcd36f5f7a8db0edf60bd37bc0cf4de1018e16ef5331aa1d742c4fd1,Same-Branch,4,85009,1,Union10,36.2928,0.8828131081186269
197bfde6bcd36f5f7a8db0edf60bd37bc0cf4de1018e16ef5331aa1d742c4fd1,Same-Branch,4,85009,1,Union11,36.78695,0.8948331808982641
197e23e4e3dcc54f372d75e5c8b3e1baa9cc2d5dbd7bffc4bac00f056ab85c06,Disjoint-Branches,4,81013,2,PT00,41.5609,1.0
197e23e4e3dcc54f372d75e5c8b3e1baa9cc2d5dbd7bffc4bac00f056ab85c06,Disjoint-Branches,4,81013,2,PT01,41.05655,0.9878647959981618
197e23e4e3dcc54f372d75e5c8b3e1baa9cc2d5dbd7bffc4bac00f056ab85c06,Disjoint-Branches,4,81013,2,Union10,41.4201,0.9966122004095196
197e23e4e3dcc54f372d75e5c8b3e1baa9cc2d5dbd7bffc4bac00f056ab85c06,Disjoint-Branches,4,81013,2,Union11,40.841,0.9826784309290705
19827b9accee76f11a54f59f4706df48e3d1fb1090e756ff654e1fa64f1459e6,Same-Branch,4,82003,2,PT00,50.32855,1.0
19827b9accee76f11a54f59f4706df48e3d1fb1090e756ff654e1fa64f1459e6,Same-Branch,4,82003,2,PT01,50.89085,1.0111725849443307
19827b9accee76f11a54f59f4706df48e3d1fb1090e756ff654e1fa64f1459e6,Same-Branch,4,82003,2,Union10,45.5349,0.9047528688984682
19827b9accee76f11a54f59f4706df48e3d1fb1090e756ff654e1fa64f1459e6,Same-Branch,4,82003,2,Union11,45.79905,0.9100013809259357
1a68dd32c56b2b2d947d03e69b3f53619661b1787485bc88ac01fbd002b76be7,Same-Branch,16,85009,1,PT00,162.18675,1.0
1a68dd32c56b2b2d947d03e69b3f53619661b1787485bc88ac01fbd002b76be7,Same-Branch,16,85009,1,PT01,153.43315,0.9460276502242015
1a68dd32c56b2b2d947d03e69b3f53619661b1787485bc88ac01fbd002b76be7,Same-Branch,16,85009,1,Union10,132.4303,0.816529710349335
1a68dd32c56b2b2d947d03e69b3f53619661b1787485bc88ac01fbd002b76be7,Same-Branch,16,85009,1,Union11,129.15955,0.7963631431050934
1c87f0cb1cbd60b59e840dbe005cbc554347f2e8e52ea5ce1e7896cd1fc877b8,Disjoint-Branches,16,86017,2,PT00,148.2611,1.0
1c87f0cb1cbd60b59e840dbe005cbc554347f2e8e52ea5ce1e7896cd1fc877b8,Disjoint-Branches,16,86017,2,PT01,143.9963,0.9712345315123116
1c87f0cb1cbd60b59e840dbe005cbc554347f2e8e52ea5ce1e7896cd1fc877b8,Disjoint-Branches,16,86017,2,Union10,147.2609,0.9932537934765087
1c87f0cb1cbd60b59e840dbe005cbc554347f2e8e52ea5ce1e7896cd1fc877b8,Disjoint-Branches,16,86017,2,Union11,145.2357,0.979594107962237
21c5d6e431b36f09da033e0c898168832b01cb921cb32fc8aa5e3a6408d7c2cc,Disjoint-Branches,16,81013,1,PT00,171.6386,1.0
21c5d6e431b36f09da033e0c898168832b01cb921cb32fc8aa5e3a6408d7c2cc,Disjoint-Branches,16,81013,1,PT01,164.95085,0.961035862562384
21c5d6e431b36f09da033e0c898168832b01cb921cb32fc8aa5e3a6408d7c2cc,Disjoint-Branches,16,81013,1,Union10,165.6594,0.9651640132231328
21c5d6e431b36f09da033e0c898168832b01cb921cb32fc8aa5e3a6408d7c2cc,Disjoint-Branches,16,81013,1,Union11,160.83105,0.9370331032763027
245bd350a29cde807c628bc8b7011478e5f7ada40afe0e2ed7db82a7b8d3d91d,Disjoint-Branches,4,82003,0,PT00,34.7411,1.0
245bd350a29cde807c628bc8b7011478e5f7ada40afe0e2ed7db82a7b8d3d91d,Disjoint-Branches,4,82003,0,PT01,34.8886,1.004245691702335
245bd350a29cde807c628bc8b7011478e5f7ada40afe0e2ed7db82a7b8d3d91d,Disjoint-Branches,4,82003,0,Union10,34.5036,0.993163716750477
245bd350a29cde807c628bc8b7011478e5f7ada40afe0e2ed7db82a7b8d3d91d,Disjoint-Branches,4,82003,0,Union11,34.6854,0.998396711675796
2e0517f4a3f873cebbf7b375e692f6f20e7b9a5256af20b622a310d4cc2eb0c7,Same-Branch,4,84011,2,PT00,55.982,1.0
2e0517f4a3f873cebbf7b375e692f6f20e7b9a5256af20b622a310d4cc2eb0c7,Same-Branch,4,84011,2,PT01,54.70245,0.9771435461398307
2e0517f4a3f873cebbf7b375e692f6f20e7b9a5256af20b622a310d4cc2eb0c7,Same-Branch,4,84011,2,Union10,50.8889,0.9090225429602372
2e0517f4a3f873cebbf7b375e692f6f20e7b9a5256af20b622a310d4cc2eb0c7,Same-Branch,4,84011,2,Union11,51.1949,0.9144885856168053
33097dadb57d7e2c85de30653a79ca6e2e94a7ddd4361208855755d59ca61a6c,Same-Branch,16,85009,2,PT00,174.0188,1.0
33097dadb57d7e2c85de30653a79ca6e2e94a7ddd4361208855755d59ca61a6c,Same-Branch,16,85009,2,PT01,166.5536,0.9571011867683261
33097dadb57d7e2c85de30653a79ca6e2e94a7ddd4361208855755d59ca61a6c,Same-Branch,16,85009,2,Union10,135.4617,0.7784314108590566
33097dadb57d7e2c85de30653a79ca6e2e94a7ddd4361208855755d59ca61a6c,Same-Branch,16,85009,2,Union11,134.645,0.773738239776392
3631fe2d1673801a9bf3288a9b19bcf345e73d46003d2f74efd08ebce3a45d4a,Disjoint-Branches,4,81013,4,PT00,55.68975,1.0
3631fe2d1673801a9bf3288a9b19bcf345e73d46003d2f74efd08ebce3a45d4a,Disjoint-Branches,4,81013,4,PT01,54.5041,0.9787097266552643
3631fe2d1673801a9bf3288a9b19bcf345e73d46003d2f74efd08ebce3a45d4a,Disjoint-Branches,4,81013,4,Union10,56.3489,1.0118361098765931
3631fe2d1673801a9bf3288a9b19bcf345e73d46003d2f74efd08ebce3a45d4a,Disjoint-Branches,4,81013,4,Union11,55.05405,0.988584972997724
37114ce1618b26ace3364de9db9d41a06c725591ea3e8648d566ae922922c1e3,Disjoint-Branches,4,85009,4,PT00,40.80565,1.0
37114ce1618b26ace3364de9db9d41a06c725591ea3e8648d566ae922922c1e3,Disjoint-Branches,4,85009,4,PT01,41.10005,1.0072146871817997
37114ce1618b26ace3364de9db9d41a06c725591ea3e8648d566ae922922c1e3,Disjoint-Branches,4,85009,4,Union10,40.8524,1.0011456746798544
37114ce1618b26ace3364de9db9d41a06c725591ea3e8648d566ae922922c1e3,Disjoint-Branches,4,85009,4,Union11,40.8083,1.0000649419872003
3763274259a274a64174e46b676a16359b90d83e70ec73e7e97cc48b512b3c3e,Same-Branch,16,81013,1,PT00,159.7537,1.0
3763274259a274a64174e46b676a16359b90d83e70ec73e7e97cc48b512b3c3e,Same-Branch,16,81013,1,PT01,148.32445,0.9284570560807043
3763274259a274a64174e46b676a16359b90d83e70ec73e7e97cc48b512b3c3e,Same-Branch,16,81013,1,Union10,129.71405,0.8119627276238358
3763274259a274a64174e46b676a16359b90d83e70ec73e7e97cc48b512b3c3e,Same-Branch,16,81013,1,Union11,125.45925,0.7853292286814014
3978b78b1fd2f211a9b52c9ec68539b20efba34042dd068a4eabf40a9c8770ba,Disjoint-Branches,16,83023,4,PT00,153.0356,1.0
3978b78b1fd2f211a9b52c9ec68539b20efba34042dd068a4eabf40a9c8770ba,Disjoint-Branches,16,83023,4,PT01,149.8767,0.9793583976538793
3978b78b1fd2f211a9b52c9ec68539b20efba34042dd068a4eabf40a9c8770ba,Disjoint-Branches,16,83023,4,Union10,151.9778,0.9930878828194225
3978b78b1fd2f211a9b52c9ec68539b20efba34042dd068a4eabf40a9c8770ba,Disjoint-Branches,16,83023,4,Union11,146.1829,0.9552215301537681
3979fb8287fbeb48b2c6879ad19d2ca93fcb6901a4f5fb5d6c52218f0cc2cdc4,Disjoint-Branches,16,82003,0,PT00,159.1002,1.0
3979fb8287fbeb48b2c6879ad19d2ca93fcb6901a4f5fb5d6c52218f0cc2cdc4,Disjoint-Branches,16,82003,0,PT01,154.398,0.970445040295361
3979fb8287fbeb48b2c6879ad19d2ca93fcb6901a4f5fb5d6c52218f0cc2cdc4,Disjoint-Branches,16,82003,0,Union10,153.3386,0.9637863434489712
3979fb8287fbeb48b2c6879ad19d2ca93fcb6901a4f5fb5d6c52218f0cc2cdc4,Disjoint-Branches,16,82003,0,Union11,149.3261,0.938566387722957
39960d1a25c804d67b3907c065d2480ab8e189f6a2af91540526ea8bdbd8dcfa,Same-Branch,16,82003,3,PT00,183.1718,1.0
39960d1a25c804d67b3907c065d2480ab8e189f6a2af91540526ea8bdbd8dcfa,Same-Branch,16,82003,3,PT01,192.41475,1.050460551242058
39960d1a25c804d67b3907c065d2480ab8e189f6a2af91540526ea8bdbd8dcfa,Same-Branch,16,82003,3,Union10,151.451,0.8268248715140649
39960d1a25c804d67b3907c065d2480ab8e189f6a2af91540526ea8bdbd8dcfa,Same-Branch,16,82003,3,Union11,144.42335,0.7884584308283262
3e84e50c3bb19ae57fb55dd0b63d50f18293948a69cb0be4608af0193784b820,Same-Branch,16,84011,4,PT00,174.3286,1.0
3e84e50c3bb19ae57fb55dd0b63d50f18293948a69cb0be4608af0193784b820,Same-Branch,16,84011,4,PT01,167.2061,0.9591432501609031
3e84e50c3bb19ae57fb55dd0b63d50f18293948a69cb0be4608af0193784b820,Same-Branch,16,84011,4,Union10,159.6347,0.915711478208395
3e84e50c3bb19ae57fb55dd0b63d50f18293948a69cb0be4608af0193784b820,Same-Branch,16,84011,4,Union11,154.5839,0.8867386074344658
4023e168bfe8fe0f72271a2f5e8ffa82e58f432ba18261ed4f5fe609d0d6a892,Disjoint-Branches,16,85009,1,PT00,148.454,1.0
4023e168bfe8fe0f72271a2f5e8ffa82e58f432ba18261ed4f5fe609d0d6a892,Disjoint-Branches,16,85009,1,PT01,146.8246,0.989024209519447
4023e168bfe8fe0f72271a2f5e8ffa82e58f432ba18261ed4f5fe609d0d6a892,Disjoint-Branches,16,85009,1,Union10,147.2465,0.991866167297614
4023e168bfe8fe0f72271a2f5e8ffa82e58f432ba18261ed4f5fe609d0d6a892,Disjoint-Branches,16,85009,1,Union11,146.5618,0.9872539641909278
413aa49cd2ce95890cd67fafd166ebfa90617153294ab7b98636d90475bbd4d7,Disjoint-Branches,4,82003,4,PT00,40.7516,1.0
413aa49cd2ce95890cd67fafd166ebfa90617153294ab7b98636d90475bbd4d7,Disjoint-Branches,4,82003,4,PT01,40.7931,1.001018364923095
413aa49cd2ce95890cd67fafd166ebfa90617153294ab7b98636d90475bbd4d7,Disjoint-Branches,4,82003,4,Union10,40.6982,0.9986896220025716
413aa49cd2ce95890cd67fafd166ebfa90617153294ab7b98636d90475bbd4d7,Disjoint-Branches,4,82003,4,Union11,40.5993,0.9962627234268101
429e93ce98d05de70817b53630d81cf2b6e7037a0d3b74060b8cda5d6e75a9c5,Same-Branch,4,81013,2,PT00,35.95785,1.0
429e93ce98d05de70817b53630d81cf2b6e7037a0d3b74060b8cda5d6e75a9c5,Same-Branch,4,81013,2,PT01,35.38715,0.9841286395043085
429e93ce98d05de70817b53630d81cf2b6e7037a0d3b74060b8cda5d6e75a9c5,Same-Branch,4,81013,2,Union10,34.82475,0.96848810482273
429e93ce98d05de70817b53630d81cf2b6e7037a0d3b74060b8cda5d6e75a9c5,Same-Branch,4,81013,2,Union11,35.13645,0.9771565875045366
4555ebd75af6b14e46a56847ca3cfb3991818634d880f337bf4d58886cab65fc,Same-Branch,16,86017,4,PT00,152.7588,1.0
4555ebd75af6b14e46a56847ca3cfb3991818634d880f337bf4d58886cab65fc,Same-Branch,16,86017,4,PT01,147.2394,0.9638685299963078
4555ebd75af6b14e46a56847ca3cfb3991818634d880f337bf4d58886cab65fc,Same-Branch,16,86017,4,Union10,130.3979,0.8536195623427258
4555ebd75af6b14e46a56847ca3cfb3991818634d880f337bf4d58886cab65fc,Same-Branch,16,86017,4,Union11,129.2587,0.8461620541664375
46eb2f2265d165ac7c8698ded6ea954d9d54904d1c9691bd1e7a1a6e62fa9e67,Same-Branch,16,82003,0,PT00,166.9181,1.0
46eb2f2265d165ac7c8698ded6ea954d9d54904d1c9691bd1e7a1a6e62fa9e67,Same-Branch,16,82003,0,PT01,160.3967,0.9609305401870738
46eb2f2265d165ac7c8698ded6ea954d9d54904d1c9691bd1e7a1a6e62fa9e67,Same-Branch,16,82003,0,Union10,148.2432,0.8881193830986573
46eb2f2265d165ac7c8698ded6ea954d9d54904d1c9691bd1e7a1a6e62fa9e67,Same-Branch,16,82003,0,Union11,143.25555,0.8582385613064131
475dc56bd09def5fd05c2a68360cbed7e51dc6163850a2e676adaecb18474e32,Same-Branch,4,84011,4,PT00,47.99245,1.0
475dc56bd09def5fd05c2a68360cbed7e51dc6163850a2e676adaecb18474e32,Same-Branch,4,84011,4,PT01,47.36795,0.9869875365812748
475dc56bd09def5fd05c2a68360cbed7e51dc6163850a2e676adaecb18474e32,Same-Branch,4,84011,4,Union10,47.32365,0.9860644747246703
475dc56bd09def5fd05c2a68360cbed7e51dc6163850a2e676adaecb18474e32,Same-Branch,4,84011,4,Union11,47.1379,0.9821940742762665
48f99167f76b6265b05eb9e6640dd113417ab4977cb2a4eced89a76b9952eda6,Same-Branch,16,83023,3,PT00,154.0812,1.0
48f99167f76b6265b05eb9e6640dd113417ab4977cb2a4eced89a76b9952eda6,Same-Branch,16,83023,3,PT01,148.8403,0.9659861164113469
48f99167f76b6265b05eb9e6640dd113417ab4977cb2a4eced89a76b9952eda6,Same-Branch,16,83023,3,Union10,131.9594,0.8564276498365796
48f99167f76b6265b05eb9e6640dd113417ab4977cb2a4eced89a76b9952eda6,Same-Branch,16,83023,3,Union11,127.3996,0.826834162766126
49895b72d65114552d2beb83e41f875dc8016569a6200957935182df39950c37,Disjoint-Branches,16,82003,2,PT00,181.3593,1.0
49895b72d65114552d2beb83e41f875dc8016569a6200957935182df39950c37,Disjoint-Branches,16,82003,2,PT01,174.9565,0.9646954967294207
49895b72d65114552d2beb83e41f875dc8016569a6200957935182df39950c37,Disjoint-Branches,16,82003,2,Union10,162.8853,0.8981359103172543
49895b72d65114552d2beb83e41f875dc8016569a6200957935182df39950c37,Disjoint-Branches,16,82003,2,Union11,160.4548,0.8847343367558212
4bc608994adcc0eaaff2d8b20a78e77b3ffe917396ac548c2a0482a74b970dd4,Disjoint-Branches,16,81013,0,PT00,154.4335,1.0
4bc608994adcc0eaaff2d8b20a78e77b3ffe917396ac548c2a0482a74b970dd4,Disjoint-Branches,16,81013,0,PT01,148.0086,0.9583969799298727
4bc608994adcc0eaaff2d8b20a78e77b3ffe917396ac548c2a0482a74b970dd4,Disjoint-Branches,16,81013,0,Union10,154.9253,1.0031845422139625
4bc608994adcc0eaaff2d8b20a78e77b3ffe917396ac548c2a0482a74b970dd4,Disjoint-Branches,16,81013,0,Union11,145.7737,0.9439253788847626
4c43958cd7ec4456d50243c36ec99805ef1c8dbe7335e56aaec96bf4da5c7365,Disjoint-Branches,16,81013,2,PT00,159.1702,1.0
4c43958cd7ec4456d50243c36ec99805ef1c8dbe7335e56aaec96bf4da5c7365,Disjoint-Branches,16,81013,2,PT01,152.8533,0.9603135511546759
4c43958cd7ec4456d50243c36ec99805ef1c8dbe7335e56aaec96bf4da5c7365,Disjoint-Branches,16,81013,2,Union10,156.4513,0.9829182849553497
4c43958cd7ec4456d50243c36ec99805ef1c8dbe7335e56aaec96bf4da5c7365,Disjoint-Branches,16,81013,2,Union11,154.22785,0.9689492756810005
4dd4e1838309c3d23f48db383bf6f06084f25d0b65750579ef8d2452b67f5609,Same-Branch,4,85009,2,PT00,53.8277,1.0
4dd4e1838309c3d23f48db383bf6f06084f25d0b65750579ef8d2452b67f5609,Same-Branch,4,85009,2,PT01,54.6512,1.0152988145508726
4dd4e1838309c3d23f48db383bf6f06084f25d0b65750579ef8d2452b67f5609,Same-Branch,4,85009,2,Union10,49.1065,0.9122905121340871
4dd4e1838309c3d23f48db383bf6f06084f25d0b65750579ef8d2452b67f5609,Same-Branch,4,85009,2,Union11,49.3729,0.9172396368412546
5026840e15db5777947e3fed8ecb40e22fa479250e8a5cd846b071d2dd04e2b5,Same-Branch,4,85009,4,PT00,35.6755,1.0
5026840e15db5777947e3fed8ecb40e22fa479250e8a5cd846b071d2dd04e2b5,Same-Branch,4,85009,4,PT01,35.5102,0.9953665680929489
5026840e15db5777947e3fed8ecb40e22fa479250e8a5cd846b071d2dd04e2b5,Same-Branch,4,85009,4,Union10,35.25175,0.988122100601253
5026840e15db5777947e3fed8ecb40e22fa479250e8a5cd846b071d2dd04e2b5,Same-Branch,4,85009,4,Union11,34.98355,0.9806043363092318
525ffcd3ebc008e41a0a1ca3a258d688a8475f47d7df9ce7651c8c605bb2351a,Same-Branch,4,83023,1,PT00,62.4457,1.0
525ffcd3ebc008e41a0a1ca3a258d688a8475f47d7df9ce7651c8c605bb2351a,Same-Branch,4,83023,1,PT01,59.8723,0.9587897965752646
525ffcd3ebc008e41a0a1ca3a258d688a8475f47d7df9ce7651c8c605bb2351a,Same-Branch,4,83023,1,Union10,50.9479,0.8158752324019107
525ffcd3ebc008e41a0a1ca3a258d688a8475f47d7df9ce7651c8c605bb2351a,Same-Branch,4,83023,1,Union11,51.0521,0.81754388212479
551b97f9b59e227533d3e11b25ce3a942c207117b7be3155eb813daf8f00b934,Disjoint-Branches,16,83023,3,PT00,154.623,1.0
551b97f9b59e227533d3e11b25ce3a942c207117b7be3155eb813daf8f00b934,Disjoint-Branches,16,83023,3,PT01,147.4654,0.9537093446641185
551b97f9b59e227533d3e11b25ce3a942c207117b7be3155eb813daf8f00b934,Disjoint-Branches,16,83023,3,Union10,154.0804,0.9964908196063975
551b97f9b59e227533d3e11b25ce3a942c207117b7be3155eb813daf8f00b934,Disjoint-Branches,16,83023,3,Union11,145.7933,0.9428953001817323
566e8d1a86cb56a343fec2e53ccfcfe668e5b508356726b78e20e3dded59563e,Disjoint-Branches,4,84011,2,PT00,40.5044,1.0
566e8d1a86cb56a343fec2e53ccfcfe668e5b508356726b78e20e3dded59563e,Disjoint-Branches,4,84011,2,PT01,39.8893,0.9848139955165365
566e8d1a86cb56a343fec2e53ccfcfe668e5b508356726b78e20e3dded59563e,Disjoint-Branches,4,84011,2,Union10,41.4678,1.0237850702639713
566e8d1a86cb56a343fec2e53ccfcfe668e5b508356726b78e20e3dded59563e,Disjoint-Branches,4,84011,2,Union11,39.8833,0.9846658634617474
571c209941d52655b4b70014c23ee5c6851fe7af25ab793de102607d677b81e2,Disjoint-Branches,16,86017,1,PT00,156.14875,1.0
571c209941d52655b4b70014c23ee5c6851fe7af25ab793de102607d677b81e2,Disjoint-Branches,16,86017,1,PT01,152.4038,0.9760167788727094
571c209941d52655b4b70014c23ee5c6851fe7af25ab793de102607d677b81e2,Disjoint-Branches,16,86017,1,Union10,154.2033,0.9875410465981956
571c209941d52655b4b70014c23ee5c6851fe7af25ab793de102607d677b81e2,Disjoint-Branches,16,86017,1,Union11,149.52305,0.9575680240796036
61b5c79da0e67b03fb7b4b4189d4d3f310e6db586490200f94a37560f5178ad0,Same-Branch,16,82003,2,PT00,181.72925,1.0
61b5c79da0e67b03fb7b4b4189d4d3f310e6db586490200f94a37560f5178ad0,Same-Branch,16,82003,2,PT01,173.5765,0.9551379318409117
61b5c79da0e67b03fb7b4b4189d4d3f310e6db586490200f94a37560f5178ad0,Same-Branch,16,82003,2,Union10,145.42625,0.8002357903309456
61b5c79da0e67b03fb7b4b4189d4d3f310e6db586490200f94a37560f5178ad0,Same-Branch,16,82003,2,Union11,150.3041,0.8270770940836436
638519211f5275fd20e89bfe3faa400c7fd0c6b60d94b7fc9aec6b9c62e1e0b5,Same-Branch,16,84011,0,PT00,169.4692,1.0
638519211f5275fd20e89bfe3faa400c7fd0c6b60d94b7fc9aec6b9c62e1e0b5,Same-Branch,16,84011,0,PT01,158.9995,0.9382206324217026
638519211f5275fd20e89bfe3faa400c7fd0c6b60d94b7fc9aec6b9c62e1e0b5,Same-Branch,16,84011,0,Union10,144.3954,0.8520450913794365
638519211f5275fd20e89bfe3faa400c7fd0c6b60d94b7fc9aec6b9c62e1e0b5,Same-Branch,16,84011,0,Union11,139.9757,0.8259654261659345
649febf902998f425e030b09f58f268819dd2496a529b56074d8296c19a0bcab,Disjoint-Branches,16,85009,4,PT00,163.0391,1.0
649febf902998f425e030b09f58f268819dd2496a529b56074d8296c19a0bcab,Disjoint-Branches,16,85009,4,PT01,153.9982,0.9445476575864318
649febf902998f425e030b09f58f268819dd2496a529b56074d8296c19a0bcab,Disjoint-Branches,16,85009,4,Union10,158.0778,0.9695698761830751
649febf902998f425e030b09f58f268819dd2496a529b56074d8296c19a0bcab,Disjoint-Branches,16,85009,4,Union11,151.2629,0.9277707004025415
66d2150c9a0fa1e58e618d314de19083b9d98c6b1c64ec59c6743dff96015b1e,Disjoint-Branches,16,84011,3,PT00,175.4945,1.0
66d2150c9a0fa1e58e618d314de19083b9d98c6b1c64ec59c6743dff96015b1e,Disjoint-Branches,16,84011,3,PT01,168.493,0.9601041628085211
66d2150c9a0fa1e58e618d314de19083b9d98c6b1c64ec59c6743dff96015b1e,Disjoint-Branches,16,84011,3,Union10,165.0428,0.9404442874278112
66d2150c9a0fa1e58e618d314de19083b9d98c6b1c64ec59c6743dff96015b1e,Disjoint-Branches,16,84011,3,Union11,163.7146,0.9328759590756406
6740dfbf6c5f1c03189fd11b39a3a95cfa9460a9c74ef36b418610816439127d,Same-Branch,4,83023,0,PT00,47.2555,1.0
6740dfbf6c5f1c03189fd11b39a3a95cfa9460a9c74ef36b418610816439127d,Same-Branch,4,83023,0,PT01,48.1143,1.0181735459364518
6740dfbf6c5f1c03189fd11b39a3a95cfa9460a9c74ef36b418610816439127d,Same-Branch,4,83023,0,Union10,47.56245,1.0064955402016698
6740dfbf6c5f1c03189fd11b39a3a95cfa9460a9c74ef36b418610816439127d,Same-Branch,4,83023,0,Union11,47.51335,1.0054565077080975
68adf503fbfaa3c7050037539b8dcdffa443113b7be100252a71a1b77460be3e,Disjoint-Branches,16,84011,1,PT00,149.4464,1.0
68adf503fbfaa3c7050037539b8dcdffa443113b7be100252a71a1b77460be3e,Disjoint-Branches,16,84011,1,PT01,147.4511,0.9866487248940087
68adf503fbfaa3c7050037539b8dcdffa443113b7be100252a71a1b77460be3e,Disjoint-Branches,16,84011,1,Union10,149.35115,0.9993626477452784
68adf503fbfaa3c7050037539b8dcdffa443113b7be100252a71a1b77460be3e,Disjoint-Branches,16,84011,1,Union11,149.20875,0.9984097977602672
6b0251376ceb0b41928035452c075392d85121404aeae94e28020ebe113a0958,Disjoint-Branches,4,84011,3,PT00,34.4785,1.0
6b0251376ceb0b41928035452c075392d85121404aeae94e28020ebe113a0958,Disjoint-Branches,4,84011,3,PT01,33.8617,0.9821105906579464
6b0251376ceb0b41928035452c075392d85121404aeae94e28020ebe113a0958,Disjoint-Branches,4,84011,3,Union10,34.56955,1.002640776135853
6b0251376ceb0b41928035452c075392d85121404aeae94e28020ebe113a0958,Disjoint-Branches,4,84011,3,Union11,33.5576,0.9732906013892717
6fb80250856c9660b8b77bb83aa86b46df3bd8e72d50de189b6f228b94acba9d,Same-Branch,4,84011,0,PT00,35.13415,1.0
6fb80250856c9660b8b77bb83aa86b46df3bd8e72d50de189b6f228b94acba9d,Same-Branch,4,84011,0,PT01,35.421,1.0081644212255028
6fb80250856c9660b8b77bb83aa86b46df3bd8e72d50de189b6f228b94acba9d,Same-Branch,4,84011,0,Union10,35.2375,1.002941582477447
6fb80250856c9660b8b77bb83aa86b46df3bd8e72d50de189b6f228b94acba9d,Same-Branch,4,84011,0,Union11,35.92,1.0223671271398342
7075caa1a5904390385672869012101e4eff070a5b69abd6ff446305a4f71f37,Same-Branch,16,84011,1,PT00,181.9757,1.0
7075caa1a5904390385672869012101e4eff070a5b69abd6ff446305a4f71f37,Same-Branch,16,84011,1,PT01,171.4257,0.9420252264450694
7075caa1a5904390385672869012101e4eff070a5b69abd6ff446305a4f71f37,Same-Branch,16,84011,1,Union10,151.77585,0.8340446004603912
7075caa1a5904390385672869012101e4eff070a5b69abd6ff446305a4f71f37,Same-Branch,16,84011,1,Union11,147.6443,0.8113407449456164
7482c0b04c3e39b31790c8221d90136dc8cb039628e927fbf614eb8dfdba3124,Disjoint-Branches,16,85009,0,PT00,162.1532,1.0
7482c0b04c3e39b31790c8221d90136dc8cb039628e927fbf614eb8dfdba3124,Disjoint-Branches,16,85009,0,PT01,157.7189,0.9726536386577631
7482c0b04c3e39b31790c8221d90136dc8cb039628e927fbf614eb8dfdba3124,Disjoint-Branches,16,85009,0,Union10,162.3669,1.0013178895020265
7482c0b04c3e39b31790c8221d90136dc8cb039628e927fbf614eb8dfdba3124,Disjoint-Branches,16,85009,0,Union11,155.508,0.9590190017834986
757eed951deb8e961850a30bc11d8e246d41636223864e8220463b7af2f10c13,Same-Branch,16,85009,3,PT00,161.5216,1.0
757eed951deb8e961850a30bc11d8e246d41636223864e8220463b7af2f10c13,Same-Branch,16,85009,3,PT01,153.83095,0.9523862443165496
757eed951deb8e961850a30bc11d8e246d41636223864e8220463b7af2f10c13,Same-Branch,16,85009,3,Union10,132.5335,0.8205311240106586
757eed951deb8e961850a30bc11d8e246d41636223864e8220463b7af2f10c13,Same-Branch,16,85009,3,Union11,131.3905,0.8134546710780477
7641041c7e6d928462e2fdc01a19268056a5d18d38b869d9c71acaf12d1869f0,Disjoint-Branches,16,86017,0,PT00,168.89275,1.0
7641041c7e6d928462e2fdc01a19268056a5d18d38b869d9c71acaf12d1869f0,Disjoint-Branches,16,86017,0,PT01,162.94305,0.9647723185275863
7641041c7e6d928462e2fdc01a19268056a5d18d38b869d9c71acaf12d1869f0,Disjoint-Branches,16,86017,0,Union10,160.8931,0.952634734173018
7641041c7e6d928462e2fdc01a19268056a5d18d38b869d9c71acaf12d1869f0,Disjoint-Branches,16,86017,0,Union11,158.99965,0.9414237733709706
77767015254223d93ba2031abf61b19e19d0aef84c425714232c5e06dbc6369f,Same-Branch,16,84011,2,PT00,182.19685,1.0
77767015254223d93ba2031abf61b19e19d0aef84c425714232c5e06dbc6369f,Same-Branch,16,84011,2,PT01,169.95155,0.9327908248688163
77767015254223d93ba2031abf61b19e19d0aef84c425714232c5e06dbc6369f,Same-Branch,16,84011,2,Union10,147.1071,0.807407482621132
77767015254223d93ba2031abf61b19e19d0aef84c425714232c5e06dbc6369f,Same-Branch,16,84011,2,Union11,145.52745,0.798737464451224
7a9e2526db4f29a93b908e4fac8f4c3f13185b41b741cdffb7f9f324a7a15332,Disjoint-Branches,4,85009,0,PT00,49.2632,1.0
7a9e2526db4f29a93b908e4fac8f4c3f13185b41b741cdffb7f9f324a7a15332,Disjoint-Branches,4,85009,0,PT01,49.1816,0.9983435911593239
7a9e2526db4f29a93b908e4fac8f4c3f13185b41b741cdffb7f9f324a7a15332,Disjoint-Branches,4,85009,0,Union10,48.9327,0.9932911382127023
7a9e2526db4f29a93b908e4fac8f4c3f13185b41b741cdffb7f9f324a7a15332,Disjoint-Branches,4,85009,0,Union11,48.3257,0.9809695675473782
7b34adcf82ca348a7c41530da922f1594dd278928c35a3fb28c051d3948be857,Disjoint-Branches,4,82003,1,PT00,53.8939,1.0
7b34adcf82ca348a7c41530da922f1594dd278928c35a3fb28c051d3948be857,Disjoint-Branches,4,82003,1,PT01,53.4915,0.9925334778147434
7b34adcf82ca348a7c41530da922f1594dd278928c35a3fb28c051d3948be857,Disjoint-Branches,4,82003,1,Union10,53.2318,0.9877147506489602
7b34adcf82ca348a7c41530da922f1594dd278928c35a3fb28c051d3948be857,Disjoint-Branches,4,82003,1,Union11,53.4482,0.9917300473708527
7bc256a6d3128e32e54bf3b0f29346753c860fe156711822a09565b09a97d82f,Disjoint-Branches,16,81013,3,PT00,183.0698,1.0
7bc256a6d3128e32e54bf3b0f29346753c860fe156711822a09565b09a97d82f,Disjoint-Branches,16,81013,3,PT01,178.5931,0.9755464855481353
7bc256a6d3128e32e54bf3b0f29346753c860fe156711822a09565b09a97d82f,Disjoint-Branches,16,81013,3,Union10,180.30855,0.9849169551722895
7bc256a6d3128e32e54bf3b0f29346753c860fe156711822a09565b09a97d82f,Disjoint-Branches,16,81013,3,Union11,172.4795,0.9421515727880841
7c81c34e3e8670b953fbd5a7849a83cd2df7cb789af47f12c35d994bbb0506eb,Disjoint-Branches,4,84011,4,PT00,34.8602,1.0
7c81c34e3e8670b953fbd5a7849a83cd2df7cb789af47f12c35d994bbb0506eb,Disjoint-Branches,4,84011,4,PT01,34.8966,1.0010441707161748
7c81c34e3e8670b953fbd5a7849a83cd2df7cb789af47f12c35d994bbb0506eb,Disjoint-Branches,4,84011,4,Union10,34.47655,0.9889946127675688
7c81c34e3e8670b953fbd5a7849a83cd2df7cb789af47f12c35d994bbb0506eb,Disjoint-Branches,4,84011,4,Union11,34.56855,0.9916337255666922
7d4ceb35f02422bf1cb78988911accb0842c4a06ac427db961b481fd061cd67f,Same-Branch,4,84011,3,PT00,41.57855,1.0
7d4ceb35f02422bf1cb78988911accb0842c4a06ac427db961b481fd061cd67f,Same-Branch,4,84011,3,PT01,40.10305,0.9645129519908704
7d4ceb35f02422bf1cb78988911accb0842c4a06ac427db961b481fd061cd67f,Same-Branch,4,84011,3,Union10,36.4153,0.8758193828308106
7d4ceb35f02422bf1cb78988911accb0842c4a06ac427db961b481fd061cd67f,Same-Branch,4,84011,3,Union11,36.5173,0.8782725708327972
806855d905fbde9082b1c9e4e0119606ca39d5ea75ad63e6c914d6b924e4a7df,Same-Branch,4,83023,3,PT00,35.911,1.0
806855d905fbde9082b1c9e4e0119606ca39d5ea75ad63e6c914d6b924e4a7df,Same-Branch,4,83023,3,PT01,35.3567,0.9845646180835954
806855d905fbde9082b1c9e4e0119606ca39d5ea75ad63e6c914d6b924e4a7df,Same-Branch,4,83023,3,Union10,35.24375,0.9814193422628164
806855d905fbde9082b1c9e4e0119606ca39d5ea75ad63e6c914d6b924e4a7df,Same-Branch,4,83023,3,Union11,35.37825,0.9851647127621063
853999498bfc2582a40465a2071192ebaae1cc066eb4bb141f856d08df824fe7,Same-Branch,4,86017,0,PT00,56.4626,1.0
853999498bfc2582a40465a2071192ebaae1cc066eb4bb141f856d08df824fe7,Same-Branch,4,86017,0,PT01,54.00985,0.9565597404299483
853999498bfc2582a40465a2071192ebaae1cc066eb4bb141f856d08df824fe7,Same-Branch,4,86017,0,Union10,51.1654,0.9061821453493109
853999498bfc2582a40465a2071192ebaae1cc066eb4bb141f856d08df824fe7,Same-Branch,4,86017,0,Union11,50.56675,0.8955795517740947
85a57231966165b9454ff9726cf1ac065ab2c1e2bae902ce1b919548274d9be9,Disjoint-Branches,4,83023,3,PT00,40.8559,1.0
85a57231966165b9454ff9726cf1ac065ab2c1e2bae902ce1b919548274d9be9,Disjoint-Branches,4,83023,3,PT01,40.8461,0.9997601325634731
85a57231966165b9454ff9726cf1ac065ab2c1e2bae902ce1b919548274d9be9,Disjoint-Branches,4,83023,3,Union10,40.66285,0.9952748562631101
85a57231966165b9454ff9726cf1ac065ab2c1e2bae902ce1b919548274d9be9,Disjoint-Branches,4,83023,3,Union11,40.86925,1.0003267581915953
870d62fcdc259041ff8e6d40edf8a80f3c3581a14eb509964edaf712822e696e,Disjoint-Branches,16,81013,4,PT00,161.0542,1.0
870d62fcdc259041ff8e6d40edf8a80f3c3581a14eb509964edaf712822e696e,Disjoint-Branches,16,81013,4,PT01,157.8547,0.9801340169955207
870d62fcdc259041ff8e6d40edf8a80f3c3581a14eb509964edaf712822e696e,Disjoint-Branches,16,81013,4,Union10,160.0575,0.993811400137345
870d62fcdc259041ff8e6d40edf8a80f3c3581a14eb509964edaf712822e696e,Disjoint-Branches,16,81013,4,Union11,156.8216,0.9737194062619912
88cf8d82bd0c557e89ca5b9b72d9b2cd119c285dde7f93e2e35703aa534139ef,Disjoint-Branches,16,84011,2,PT00,172.6906,1.0
88cf8d82bd0c557e89ca5b9b72d9b2cd119c285dde7f93e2e35703aa534139ef,Disjoint-Branches,16,84011,2,PT01,168.8118,0.9775390206531219
88cf8d82bd0c557e89ca5b9b72d9b2cd119c285dde7f93e2e35703aa534139ef,Disjoint-Branches,16,84011,2,Union10,158.7748,0.9194177332176737
88cf8d82bd0c557e89ca5b9b72d9b2cd119c285dde7f93e2e35703aa534139ef,Disjoint-Branches,16,84011,2,Union11,157.48145,0.9119283273090718
89531c3645d00737412327caf5f6b4b2f6a5ef3595b09af187cc996b49133cce,Same-Branch,4,85009,0,PT00,34.4049,1.0
89531c3645d00737412327caf5f6b4b2f6a5ef3595b09af187cc996b49133cce,Same-Branch,4,85009,0,PT01,35.6155,1.0351868483849684
89531c3645d00737412327caf5f6b4b2f6a5ef3595b09af187cc996b49133cce,Same-Branch,4,85009,0,Union10,34.9045,1.0145211873890057
89531c3645d00737412327caf5f6b4b2f6a5ef3595b09af187cc996b49133cce,Same-Branch,4,85009,0,Union11,34.4427,1.001098680711178
895bb5f0c41679ed4fb14fd06d7b4709a173e8dca4c1a4d67442a8ae22fca646,Disjoint-Branches,4,81013,1,PT00,47.69175,1.0
895bb5f0c41679ed4fb14fd06d7b4709a173e8dca4c1a4d67442a8ae22fca646,Disjoint-Branches,4,81013,1,PT01,46.9067,0.9835390817070039
895bb5f0c41679ed4fb14fd06d7b4709a173e8dca4c1a4d67442a8ae22fca646,Disjoint-Branches,4,81013,1,Union10,47.55265,0.9970833529908213
895bb5f0c41679ed4fb14fd06d7b4709a173e8dca4c1a4d67442a8ae22fca646,Disjoint-Branches,4,81013,1,Union11,47.4558,0.9950526034377016
8f4d8fa7bdcccac51969ee5623cb413705dd29778833384da8ce8e5fb4b67325,Disjoint-Branches,4,81013,0,PT00,49.70115,1.0
8f4d8fa7bdcccac51969ee5623cb413705dd29778833384da8ce8e5fb4b67325,Disjoint-Branches,4,81013,0,PT01,49.61295,0.998225393175007
8f4d8fa7bdcccac51969ee5623cb413705dd29778833384da8ce8e5fb4b67325,Disjoint-Branches,4,81013,0,Union10,49.5052,0.9960574352907328
8f4d8fa7bdcccac51969ee5623cb413705dd29778833384da8ce8e5fb4b67325,Disjoint-Branches,4,81013,0,Union11,49.84815,1.002957678041655
915c3944010208efa11b525da3ae56a00cfd056aa0e765c5b8e8c45dc38698b9,Same-Branch,4,85009,3,PT00,49.5145,1.0
915c3944010208efa11b525da3ae56a00cfd056aa0e765c5b8e8c45dc38698b9,Same-Branch,4,85009,3,PT01,48.8619,0.9868200224176756
915c3944010208efa11b525da3ae56a00cfd056aa0e765c5b8e8c45dc38698b9,Same-Branch,4,85009,3,Union10,45.04065,0.909645659352311
915c3944010208efa11b525da3ae56a00cfd056aa0e765c5b8e8c45dc38698b9,Same-Branch,4,85009,3,Union11,45.2411,0.9136939684334893
941d03c693c508c8bc746be46a3082ee843f9afc50dc83806829a4a0bdae149a,Disjoint-Branches,4,84011,0,PT00,47.6384,1.0
941d03c693c508c8bc746be46a3082ee843f9afc50dc83806829a4a0bdae149a,Disjoint-Branches,4,84011,0,PT01,47.1521,0.989791848592732
941d03c693c508c8bc746be46a3082ee843f9afc50dc83806829a4a0bdae149a,Disjoint-Branches,4,84011,0,Union10,46.8984,0.9844663128904414
941d03c693c508c8bc746be46a3082ee843f9afc50dc83806829a4a0bdae149a,Disjoint-Branches,4,84011,0,Union11,47.26225,0.9921040589104588
949166f2bbdf79071f8b904f88982661f3e33f108b4210847d7fc2e972e4b94b,Same-Branch,4,82003,3,PT00,53.7628,1.0
949166f2bbdf79071f8b904f88982661f3e33f108b4210847d7fc2e972e4b94b,Same-Branch,4,82003,3,PT01,53.2665,0.9907687099630228
949166f2bbdf79071f8b904f88982661f3e33f108b4210847d7fc2e972e4b94b,Same-Branch,4,82003,3,Union10,54.23275,1.0087411741947965
949166f2bbdf79071f8b904f88982661f3e33f108b4210847d7fc2e972e4b94b,Same-Branch,4,82003,3,Union11,53.23445,0.9901725728570685
96a680d0319fbf6ff473c6c95b26ded952ceb7be1bfa9ea206da5c12c19d6a55,Same-Branch,16,83023,1,PT00,160.4428,1.0
96a680d0319fbf6ff473c6c95b26ded952ceb7be1bfa9ea206da5c12c19d6a55,Same-Branch,16,83023,1,PT01,156.7866,0.9772118162983942
96a680d0319fbf6ff473c6c95b26ded952ceb7be1bfa9ea206da5c12c19d6a55,Same-Branch,16,83023,1,Union10,143.01,0.8913457007731104
96a680d0319fbf6ff473c6c95b26ded952ceb7be1bfa9ea206da5c12c19d6a55,Same-Branch,16,83023,1,Union11,137.1553,0.8548548143014209
97376127aaf0504dea01aaafaa39f10b82e8ebc8bc82029fd96d211b0dab15eb,Same-Branch,16,86017,3,PT00,176.2773,1.0
97376127aaf0504dea01aaafaa39f10b82e8ebc8bc82029fd96d211b0dab15eb,Same-Branch,16,86017,3,PT01,160.9843,0.9132446435247192
97376127aaf0504dea01aaafaa39f10b82e8ebc8bc82029fd96d211b0dab15eb,Same-Branch,16,86017,3,Union10,134.4375,0.7626478281661905
97376127aaf0504dea01aaafaa39f10b82e8ebc8bc82029fd96d211b0dab15eb,Same-Branch,16,86017,3,Union11,129.3289,0.7336673525178795
9816f8d3a30d6285230c4527f538dfc7b366a4b9cfbeb5a5db52fecfe9300815,Same-Branch,16,82003,1,PT00,165.3189,1.0
9816f8d3a30d6285230c4527f538dfc7b366a4b9cfbeb5a5db52fecfe9300815,Same-Branch,16,82003,1,PT01,158.1673,0.9567405783609738
9816f8d3a30d6285230c4527f538dfc7b366a4b9cfbeb5a5db52fecfe9300815,Same-Branch,16,82003,1,Union10,139.2356,0.842224331277307
9816f8d3a30d6285230c4527f538dfc7b366a4b9cfbeb5a5db52fecfe9300815,Same-Branch,16,82003,1,Union11,137.167,0.8297115453828933
9b36266c133fd0e063e8f093e6e5d0246edc095a42c4e11e0e6b5d3c9cc637b2,Disjoint-Branches,4,82003,3,PT00,34.53235,1.0
9b36266c133fd0e063e8f093e6e5d0246edc095a42c4e11e0e6b5d3c9cc637b2,Disjoint-Branches,4,82003,3,PT01,34.44415,0.9974458732174324
9b36266c133fd0e063e8f093e6e5d0246edc095a42c4e11e0e6b5d3c9cc637b2,Disjoint-Branches,4,82003,3,Union10,34.7403,1.0060218896194437
9b36266c133fd0e063e8f093e6e5d0246edc095a42c4e11e0e6b5d3c9cc637b2,Disjoint-Branches,4,82003,3,Union11,34.66,1.0036965338298725
a1ad6d5083f6af2b68560ca3a3852c3007d55f26e95ebe5b8263d06feea6e1f6,Same-Branch,4,82003,4,PT00,34.6927,1.0
a1ad6d5083f6af2b68560ca3a3852c3007d55f26e95ebe5b8263d06feea6e1f6,Same-Branch,4,82003,4,PT01,34.6592,0.9990343789903927
a1ad6d5083f6af2b68560ca3a3852c3007d55f26e95ebe5b8263d06feea6e1f6,Same-Branch,4,82003,4,Union10,34.4261,0.9923153862339915
a1ad6d5083f6af2b68560ca3a3852c3007d55f26e95ebe5b8263d06feea6e1f6,Same-Branch,4,82003,4,Union11,34.6192,0.9978813986804139
a5dc21dc76f8ecdc19fe8d3e0c168a3047e01dd906257421d3ffea8d6d4796dd,Same-Branch,4,83023,2,PT00,34.9253,1.0
a5dc21dc76f8ecdc19fe8d3e0c168a3047e01dd906257421d3ffea8d6d4796dd,Same-Branch,4,83023,2,PT01,35.17805,1.0072368741284972
a5dc21dc76f8ecdc19fe8d3e0c168a3047e01dd906257421d3ffea8d6d4796dd,Same-Branch,4,83023,2,Union10,35.27255,1.0099426490252053
a5dc21dc76f8ecdc19fe8d3e0c168a3047e01dd906257421d3ffea8d6d4796dd,Same-Branch,4,83023,2,Union11,35.33615,1.0117636784794977
a655f3f15b5d4ba72b38972f915b816b5d30768678465fb02e26eeef8a49eaaa,Same-Branch,16,82003,4,PT00,170.989,1.0
a655f3f15b5d4ba72b38972f915b816b5d30768678465fb02e26eeef8a49eaaa,Same-Branch,16,82003,4,PT01,163.0156,0.9533689301650984
a655f3f15b5d4ba72b38972f915b816b5d30768678465fb02e26eeef8a49eaaa,Same-Branch,16,82003,4,Union10,130.61935,0.7639049880401663
a655f3f15b5d4ba72b38972f915b816b5d30768678465fb02e26eeef8a49eaaa,Same-Branch,16,82003,4,Union11,126.1662,0.7378614998625642
ab46de83443b6eac09f023f883d5cebd5f15c8a0207c7c172e44adcff494f8ec,Disjoint-Branches,4,83023,2,PT00,69.73705,1.0
ab46de83443b6eac09f023f883d5cebd5f15c8a0207c7c172e44adcff494f8ec,Disjoint-Branches,4,83023,2,PT01,66.61305,0.9552031524132438
ab46de83443b6eac09f023f883d5cebd5f15c8a0207c7c172e44adcff494f8ec,Disjoint-Branches,4,83023,2,Union10,67.6333,0.9698331087994116
ab46de83443b6eac09f023f883d5cebd5f15c8a0207c7c172e44adcff494f8ec,Disjoint-Branches,4,83023,2,Union11,64.8172,0.929451417861811
ac3e1b7df20d42f4907032a5b993075bb93c0e275b4aa7738087d357ec8bc94f,Same-Branch,16,83023,2,PT00,163.805,1.0
ac3e1b7df20d42f4907032a5b993075bb93c0e275b4aa7738087d357ec8bc94f,Same-Branch,16,83023,2,PT01,156.579,0.9558865724489485
ac3e1b7df20d42f4907032a5b993075bb93c0e275b4aa7738087d357ec8bc94f,Same-Branch,16,83023,2,Union10,141.119,0.861506059033607
ac3e1b7df20d42f4907032a5b993075bb93c0e275b4aa7738087d357ec8bc94f,Same-Branch,16,83023,2,Union11,141.0085,0.8608314764506577
adddd10d92a1942e81bac90d26bf59b773a6471da42d03e8a7a4e7d8e8776731,Same-Branch,4,81013,0,PT00,41.45615,1.0
adddd10d92a1942e81bac90d26bf59b773a6471da42d03e8a7a4e7d8e8776731,Same-Branch,4,81013,0,PT01,40.1818,0.9692602906926958
adddd10d92a1942e81bac90d26bf59b773a6471da42d03e8a7a4e7d8e8776731,Same-Branch,4,81013,0,Union10,36.9419,0.8911078332165432
adddd10d92a1942e81bac90d26bf59b773a6471da42d03e8a7a4e7d8e8776731,Same-Branch,4,81013,0,Union11,37.1922,0.8971455381167812
b20aeea5bc10de635bec47d426f5d141e05629b817b83275e4a2b60daa5874df,Same-Branch,4,81013,3,PT00,41.4001,1.0
b20aeea5bc10de635bec47d426f5d141e05629b817b83275e4a2b60daa5874df,Same-Branch,4,81013,3,PT01,40.92295,0.9884746655201315
b20aeea5bc10de635bec47d426f5d141e05629b817b83275e4a2b60daa5874df,Same-Branch,4,81013,3,Union10,36.38355,0.8788275873729773
b20aeea5bc10de635bec47d426f5d141e05629b817b83275e4a2b60daa5874df,Same-Branch,4,81013,3,Union11,36.2751,0.876208028483023
b51642a1b01c34465ee580bb350f6443276ef9a490eebf515ec03084a6e349f4,Same-Branch,16,86017,0,PT00,186.5427,1.0
b51642a1b01c34465ee580bb350f6443276ef9a490eebf515ec03084a6e349f4,Same-Branch,16,86017,0,PT01,174.6097,0.9360307318378045
b51642a1b01c34465ee580bb350f6443276ef9a490eebf515ec03084a6e349f4,Same-Branch,16,86017,0,Union10,153.698,0.8239293202038998
b51642a1b01c34465ee580bb350f6443276ef9a490eebf515ec03084a6e349f4,Same-Branch,16,86017,0,Union11,149.7962,0.8030129294794168
b5b7437e0c769f70e27454ea30e445af321ffe471e239ceb2aa596ffd861bb24,Same-Branch,4,86017,3,PT00,47.65855,1.0
b5b7437e0c769f70e27454ea30e445af321ffe471e239ceb2aa596ffd861bb24,Same-Branch,4,86017,3,PT01,47.6889,1.0006368217245383
b5b7437e0c769f70e27454ea30e445af321ffe471e239ceb2aa596ffd861bb24,Same-Branch,4,86017,3,Union10,47.4196,0.9949862091901663
b5b7437e0c769f70e27454ea30e445af321ffe471e239ceb2aa596ffd861bb24,Same-Branch,4,86017,3,Union11,47.27815,0.9920182212845334
b647f38a2ba5eda3b956c7bdd6782e4c84b0e19ceaa2d95d113893f2c9445c01,Disjoint-Branches,4,81013,3,PT00,35.50835,1.0
b647f38a2ba5eda3b956c7bdd6782e4c84b0e19ceaa2d95d113893f2c9445c01,Disjoint-Branches,4,81013,3,PT01,35.79325,1.0080234649033255
b647f38a2ba5eda3b956c7bdd6782e4c84b0e19ceaa2d95d113893f2c9445c01,Disjoint-Branches,4,81013,3,Union10,34.7904,0.9797808121188396
b647f38a2ba5eda3b956c7bdd6782e4c84b0e19ceaa2d95d113893f2c9445c01,Disjoint-Branches,4,81013,3,Union11,35.14,0.9896263836534224
b7455a1cbb2e9649c89993de07da403e54ff9c5b17e37acefb528316da4c200f,Same-Branch,4,82003,0,PT00,49.07765,1.0
b7455a1cbb2e9649c89993de07da403e54ff9c5b17e37acefb528316da4c200f,Same-Branch,4,82003,0,PT01,48.3403,0.9849758494956462
b7455a1cbb2e9649c89993de07da403e54ff9c5b17e37acefb528316da4c200f,Same-Branch,4,82003,0,Union10,44.6955,0.9107098648773934
b7455a1cbb2e9649c89993de07da403e54ff9c5b17e37acefb528316da4c200f,Same-Branch,4,82003,0,Union11,44.7187,0.9111825851482294
bbe77294771e3ebe96b08dded239486cb6c5b6df1187d1d651a23387093c4196,Disjoint-Branches,16,82003,4,PT00,190.90275,1.0
bbe77294771e3ebe96b08dded239486cb6c5b6df1187d1d651a23387093c4196,Disjoint-Branches,16,82003,4,PT01,184.44495,0.9661723050087021
bbe77294771e3ebe96b08dded239486cb6c5b6df1187d1d651a23387093c4196,Disjoint-Branches,16,82003,4,Union10,185.9321,0.9739623970843794
bbe77294771e3ebe96b08dded239486cb6c5b6df1187d1d651a23387093c4196,Disjoint-Branches,16,82003,4,Union11,180.9483,0.9478559109284701
bc30ea84f4d022be9718c70da1f34bfe6175e950550d35a78d53c659766de1e7,Disjoint-Branches,16,86017,4,PT00,177.8021,1.0
bc30ea84f4d022be9718c70da1f34bfe6175e950550d35a78d53c659766de1e7,Disjoint-Branches,16,86017,4,PT01,170.3176,0.9579054465610923
bc30ea84f4d022be9718c70da1f34bfe6175e950550d35a78d53c659766de1e7,Disjoint-Branches,16,86017,4,Union10,174.2297,0.9799079988369092
bc30ea84f4d022be9718c70da1f34bfe6175e950550d35a78d53c659766de1e7,Disjoint-Branches,16,86017,4,Union11,170.0904,0.9566276213835494
bd21cedc51aae1a32561b45b8943789d6285f046a030db1cb72b9252773302e6,Same-Branch,16,81013,0,PT00,170.72675,1.0
bd21cedc51aae1a32561b45b8943789d6285f046a030db1cb72b9252773302e6,Same-Branch,16,81013,0,PT01,166.3676,0.9744670943481323
bd21cedc51aae1a32561b45b8943789d6285f046a030db1cb72b9252773302e6,Same-Branch,16,81013,0,Union10,138.74865,0.8126942614440912
bd21cedc51aae1a32561b45b8943789d6285f046a030db1cb72b9252773302e6,Same-Branch,16,81013,0,Union11,135.2746,0.792345663465157
bf32f01aa6ffaa5b31488dda6f0f94d1d7f787e1af06b1563eaa13c2564139bf,Disjoint-Branches,16,82003,1,PT00,168.1876,1.0
bf32f01aa6ffaa5b31488dda6f0f94d1d7f787e1af06b1563eaa13c2564139bf,Disjoint-Branches,16,82003,1,PT01,169.2649,1.0064053473621124
bf32f01aa6ffaa5b31488dda6f0f94d1d7f787e1af06b1563eaa13c2564139bf,Disjoint-Branches,16,82003,1,Union10,165.1436,0.9819011627492157
bf32f01aa6ffaa5b31488dda6f0f94d1d7f787e1af06b1563eaa13c2564139bf,Disjoint-Branches,16,82003,1,Union11,159.1029,0.9459847218225362
c004c619abc955de74b615637595a30ab4692937f8dac2d6fc683f225f6a259c,Disjoint-Branches,16,84011,4,PT00,169.10125,1.0
c004c619abc955de74b615637595a30ab4692937f8dac2d6fc683f225f6a259c,Disjoint-Branches,16,84011,4,PT01,164.99425,0.975712775629985
c004c619abc955de74b615637595a30ab4692937f8dac2d6fc683f225f6a259c,Disjoint-Branches,16,84011,4,Union10,166.7663,0.986192000354817
c004c619abc955de74b615637595a30ab4692937f8dac2d6fc683f225f6a259c,Disjoint-Branches,16,84011,4,Union11,162.48565,0.9608778764201921
c448026101596212b3049648376e4b6eb2a308f402f83bf05c2a147f3341c0b3,Disjoint-Branches,4,86017,0,PT00,40.89185,1.0
c448026101596212b3049648376e4b6eb2a308f402f83bf05c2a147f3341c0b3,Disjoint-Branches,4,86017,0,PT01,41.4296,1.0131505422229614
c448026101596212b3049648376e4b6eb2a308f402f83bf05c2a147f3341c0b3,Disjoint-Branches,4,86017,0,Union10,40.93425,1.0010368814323636
c448026101596212b3049648376e4b6eb2a308f402f83bf05c2a147f3341c0b3,Disjoint-Branches,4,86017,0,Union11,40.9149,1.000563682005094
c7c01571c35945da736f986f8890ce6df439973627ca24335fa0d7a82275be5e,Same-Branch,16,84011,3,PT00,175.1657,1.0
c7c01571c35945da736f986f8890ce6df439973627ca24335fa0d7a82275be5e,Same-Branch,16,84011,3,PT01,161.1873,0.9201989887289578
c7c01571c35945da736f986f8890ce6df439973627ca24335fa0d7a82275be5e,Same-Branch,16,84011,3,Union10,131.2137,0.7490832965586299
c7c01571c35945da736f986f8890ce6df439973627ca24335fa0d7a82275be5e,Same-Branch,16,84011,3,Union11,128.0429,0.7309815791561933
cfbf0159a570df95790ea80881ef373fef66b9c61c8da5458a2f67eec6fb23a7,Same-Branch,16,85009,0,PT00,167.7997,1.0
cfbf0159a570df95790ea80881ef373fef66b9c61c8da5458a2f67eec6fb23a7,Same-Branch,16,85009,0,PT01,162.0633,0.9658140032431524
cfbf0159a570df95790ea80881ef373fef66b9c61c8da5458a2f67eec6fb23a7,Same-Branch,16,85009,0,Union10,148.3414,0.8840385292703145
cfbf0159a570df95790ea80881ef373fef66b9c61c8da5458a2f67eec6fb23a7,Same-Branch,16,85009,0,Union11,145.2196,0.8654342051863025
d091959493b49ab102b7649996a4f9315d321fa92f4886b629aacc63d8d973be,Disjoint-Branches,4,86017,1,PT00,49.3096,1.0
d091959493b49ab102b7649996a4f9315d321fa92f4886b629aacc63d8d973be,Disjoint-Branches,4,86017,1,PT01,49.6022,1.0059339357853239
d091959493b49ab102b7649996a4f9315d321fa92f4886b629aacc63d8d973be,Disjoint-Branches,4,86017,1,Union10,48.8471,0.9906204876940797
d091959493b49ab102b7649996a4f9315d321fa92f4886b629aacc63d8d973be,Disjoint-Branches,4,86017,1,Union11,49.0801,0.9953457338936028
d3736d8e5d9fe4d4b80162c0d6025851ceb901c14fed3ffa59b8073996a14e24,Disjoint-Branches,4,83023,0,PT00,40.5262,1.0
d3736d8e5d9fe4d4b80162c0d6025851ceb901c14fed3ffa59b8073996a14e24,Disjoint-Branches,4,83023,0,PT01,39.7321,0.980405268690378
d3736d8e5d9fe4d4b80162c0d6025851ceb901c14fed3ffa59b8073996a14e24,Disjoint-Branches,4,83023,0,Union10,40.5022,0.9994077905157651
d3736d8e5d9fe4d4b80162c0d6025851ceb901c14fed3ffa59b8073996a14e24,Disjoint-Branches,4,83023,0,Union11,39.619,0.9776144814959211
d3ad965957c9f90f603978bfddf6d886373d524176537f55ee46ebb1235c4cdf,Disjoint-Branches,16,83023,0,PT00,195.6744,1.0
d3ad965957c9f90f603978bfddf6d886373d524176537f55ee46ebb1235c4cdf,Disjoint-Branches,16,83023,0,PT01,179.1686,0.9156466047679206
d3ad965957c9f90f603978bfddf6d886373d524176537f55ee46ebb1235c4cdf,Disjoint-Branches,16,83023,0,Union10,184.789,0.9443698306983438
d3ad965957c9f90f603978bfddf6d886373d524176537f55ee46ebb1235c4cdf,Disjoint-Branches,16,83023,0,Union11,172.1992,0.8800292731190181
d4daa103d9553a48a34352e5f859fe1f504a2fbb2e974da493d51d1d1feb00f9,Same-Branch,4,86017,1,PT00,47.52825,1.0
d4daa103d9553a48a34352e5f859fe1f504a2fbb2e974da493d51d1d1feb00f9,Same-Branch,4,86017,1,PT01,47.78455,1.0053925823063126
d4daa103d9553a48a34352e5f859fe1f504a2fbb2e974da493d51d1d1feb00f9,Same-Branch,4,86017,1,Union10,47.7323,1.004293236127987
d4daa103d9553a48a34352e5f859fe1f504a2fbb2e974da493d51d1d1feb00f9,Same-Branch,4,86017,1,Union11,47.58125,1.0011151262670095
d68872b92c7564f56cae23bc3c89b81efde0ecc97a9a5e9b2d8519154611fee7,Same-Branch,16,85009,4,PT00,175.9345,1.0
d68872b92c7564f56cae23bc3c89b81efde0ecc97a9a5e9b2d8519154611fee7,Same-Branch,16,85009,4,PT01,166.8334,0.9482699527380929
d68872b92c7564f56cae23bc3c89b81efde0ecc97a9a5e9b2d8519154611fee7,Same-Branch,16,85009,4,Union10,159.3405,0.9056808073459155
d68872b92c7564f56cae23bc3c89b81efde0ecc97a9a5e9b2d8519154611fee7,Same-Branch,16,85009,4,Union11,154.9797,0.8808943100983605
d8e3b411275410083647a925c89b96e7ad7f54fa1af662ae8036879b0eb03f21,Disjoint-Branches,4,85009,2,PT00,34.3242,1.0
d8e3b411275410083647a925c89b96e7ad7f54fa1af662ae8036879b0eb03f21,Disjoint-Branches,4,85009,2,PT01,34.2925,0.9990764533477837
d8e3b411275410083647a925c89b96e7ad7f54fa1af662ae8036879b0eb03f21,Disjoint-Branches,4,85009,2,Union10,34.07115,0.9926276504623561
d8e3b411275410083647a925c89b96e7ad7f54fa1af662ae8036879b0eb03f21,Disjoint-Branches,4,85009,2,Union11,34.3646,1.0011770121372094
e07c6973508f7a3344c69d3551d6bc3b6760c3810afe9cd6638d936101f7ed8c,Disjoint-Branches,16,83023,2,PT00,162.73875,1.0
e07c6973508f7a3344c69d3551d6bc3b6760c3810afe9cd6638d936101f7ed8c,Disjoint-Branches,16,83023,2,PT01,155.47465,0.9553634275794793
e07c6973508f7a3344c69d3551d6bc3b6760c3810afe9cd6638d936101f7ed8c,Disjoint-Branches,16,83023,2,Union10,164.10775,1.0084122558394975
e07c6973508f7a3344c69d3551d6bc3b6760c3810afe9cd6638d936101f7ed8c,Disjoint-Branches,16,83023,2,Union11,154.2053,0.9475635028534998
e0f967a3cf5460b4b481246deefba1c5b468478d2947b1bd42664531fb8ed2b2,Same-Branch,16,83023,4,PT00,162.4675,1.0
e0f967a3cf5460b4b481246deefba1c5b468478d2947b1bd42664531fb8ed2b2,Same-Branch,16,83023,4,PT01,157.2106,0.9676433748288119
e0f967a3cf5460b4b481246deefba1c5b468478d2947b1bd42664531fb8ed2b2,Same-Branch,16,83023,4,Union10,143.4759,0.8831052364319018
e0f967a3cf5460b4b481246deefba1c5b468478d2947b1bd42664531fb8ed2b2,Same-Branch,16,83023,4,Union11,142.186,0.8751658023912475
e1919f5d47500c5cb91c75468f236b8a3390ed8901a36aae6ace55f218080d57,Disjoint-Branches,4,86017,4,PT00,34.9347,1.0
e1919f5d47500c5cb91c75468f236b8a3390ed8901a36aae6ace55f218080d57,Disjoint-Branches,4,86017,4,PT01,34.80645,0.9963288649966938
e1919f5d47500c5cb91c75468f236b8a3390ed8901a36aae6ace55f218080d57,Disjoint-Branches,4,86017,4,Union10,34.33885,0.9829438924622225
e1919f5d47500c5cb91c75468f236b8a3390ed8901a36aae6ace55f218080d57,Disjoint-Branches,4,86017,4,Union11,34.31935,0.9823857081927139
e1b3e23b29322da45d714c1191ffaf703e74613852b2032d7f3eca84e90412b9,Disjoint-Branches,4,86017,3,PT00,34.6361,1.0
e1b3e23b29322da45d714c1191ffaf703e74613852b2032d7f3eca84e90412b9,Disjoint-Branches,4,86017,3,PT01,34.36655,0.9922176572997536
e1b3e23b29322da45d714c1191ffaf703e74613852b2032d7f3eca84e90412b9,Disjoint-Branches,4,86017,3,Union10,34.2937,0.9901143604505127
e1b3e23b29322da45d714c1191ffaf703e74613852b2032d7f3eca84e90412b9,Disjoint-Branches,4,86017,3,Union11,34.34595,0.9916229021165779
e373f605a948bb5c835175eae66ab698f33856acc818f8057397c3e033db48f6,Disjoint-Branches,16,85009,2,PT00,182.68965,1.0
e373f605a948bb5c835175eae66ab698f33856acc818f8057397c3e033db48f6,Disjoint-Branches,16,85009,2,PT01,174.75425,0.9565634944289401
e373f605a948bb5c835175eae66ab698f33856acc818f8057397c3e033db48f6,Disjoint-Branches,16,85009,2,Union10,171.62315,0.9394245924714401
e373f605a948bb5c835175eae66ab698f33856acc818f8057397c3e033db48f6,Disjoint-Branches,16,85009,2,Union11,165.99295,0.9086062073029315
e6810fe576e55fef52527fdd9c721f08d9f4c76df13f3d878fe471b06e1ad213,Disjoint-Branches,4,83023,4,PT00,47.3186,1.0
e6810fe576e55fef52527fdd9c721f08d9f4c76df13f3d878fe471b06e1ad213,Disjoint-Branches,4,83023,4,PT01,46.47075,0.9820820987941317
e6810fe576e55fef52527fdd9c721f08d9f4c76df13f3d878fe471b06e1ad213,Disjoint-Branches,4,83023,4,Union10,48.0022,1.01444675032651
e6810fe576e55fef52527fdd9c721f08d9f4c76df13f3d878fe471b06e1ad213,Disjoint-Branches,4,83023,4,Union11,46.1031,0.9743124268258146
ea2e62507990c4fafc77ea95252596fa207fbf409406099064ff2ed5d6b71d7b,Same-Branch,4,83023,4,PT00,35.8518,1.0
ea2e62507990c4fafc77ea95252596fa207fbf409406099064ff2ed5d6b71d7b,Same-Branch,4,83023,4,PT01,36.32405,1.0131722814475146
ea2e62507990c4fafc77ea95252596fa207fbf409406099064ff2ed5d6b71d7b,Same-Branch,4,83023,4,Union10,36.0094,1.0043958741262642
ea2e62507990c4fafc77ea95252596fa207fbf409406099064ff2ed5d6b71d7b,Same-Branch,4,83023,4,Union11,36.09025,1.0066509910241606
ea98bd1a5af9e517cca9a7b84d4dc5864dbef2dc08c456a4d65aa1f01935ac6a,Disjoint-Branches,4,85009,1,PT00,35.12605,1.0
ea98bd1a5af9e517cca9a7b84d4dc5864dbef2dc08c456a4d65aa1f01935ac6a,Disjoint-Branches,4,85009,1,PT01,35.661,1.0152294379812135
ea98bd1a5af9e517cca9a7b84d4dc5864dbef2dc08c456a4d65aa1f01935ac6a,Disjoint-Branches,4,85009,1,Union10,35.5971,1.0134102752800271
ea98bd1a5af9e517cca9a7b84d4dc5864dbef2dc08c456a4d65aa1f01935ac6a,Disjoint-Branches,4,85009,1,Union11,34.92995,0.9944172487370484
ed1cd6be05b614118d88eb14d63f7ec112bebe1be471f9bd88669d363c62b935,Same-Branch,4,86017,4,PT00,51.8055,1.0
ed1cd6be05b614118d88eb14d63f7ec112bebe1be471f9bd88669d363c62b935,Same-Branch,4,86017,4,PT01,50.2594,0.9701556784511297
ed1cd6be05b614118d88eb14d63f7ec112bebe1be471f9bd88669d363c62b935,Same-Branch,4,86017,4,Union10,50.43125,0.9734728938047118
ed1cd6be05b614118d88eb14d63f7ec112bebe1be471f9bd88669d363c62b935,Same-Branch,4,86017,4,Union11,50.4321,0.9734893013290093
ee5297a6cfeb67c2de8bff4a46826879e853ed25206537dcb524e2cbe44d3e43,Same-Branch,16,83023,0,PT00,182.2696,1.0
ee5297a6cfeb67c2de8bff4a46826879e853ed25206537dcb524e2cbe44d3e43,Same-Branch,16,83023,0,PT01,169.28585,0.9287662341937438
ee5297a6cfeb67c2de8bff4a46826879e853ed25206537dcb524e2cbe44d3e43,Same-Branch,16,83023,0,Union10,143.9984,0.7900297142255209
ee5297a6cfeb67c2de8bff4a46826879e853ed25206537dcb524e2cbe44d3e43,Same-Branch,16,83023,0,Union11,140.7241,0.7720656653660292
eeb952a327fdab298be4107b963f5bae40f267e2880033eb23b1247a85811c6a,Disjoint-Branches,16,85009,3,PT00,175.4617,1.0
eeb952a327fdab298be4107b963f5bae40f267e2880033eb23b1247a85811c6a,Disjoint-Branches,16,85009,3,PT01,173.2579,0.9874399940271865
eeb952a327fdab298be4107b963f5bae40f267e2880033eb23b1247a85811c6a,Disjoint-Branches,16,85009,3,Union10,166.6349,0.9496938648149424
eeb952a327fdab298be4107b963f5bae40f267e2880033eb23b1247a85811c6a,Disjoint-Branches,16,85009,3,Union11,161.8516,0.9224326448450003
f0916b363d77d91a7e769316aaa60478556466cbf783fb6e88cec352a483f7aa,Same-Branch,4,81013,1,PT00,41.9766,1.0
f0916b363d77d91a7e769316aaa60478556466cbf783fb6e88cec352a483f7aa,Same-Branch,4,81013,1,PT01,42.205,1.0054411267229837
f0916b363d77d91a7e769316aaa60478556466cbf783fb6e88cec352a483f7aa,Same-Branch,4,81013,1,Union10,43.07295,1.0261181229542173
f0916b363d77d91a7e769316aaa60478556466cbf783fb6e88cec352a483f7aa,Same-Branch,4,81013,1,Union11,42.5368,1.0133455306051466
f11a5a39a1c0edea2faee3baa22c7ff48743ebe98ead557c652ee5e8bc519b62,Disjoint-Branches,4,82003,2,PT00,34.562,1.0
f11a5a39a1c0edea2faee3baa22c7ff48743ebe98ead557c652ee5e8bc519b62,Disjoint-Branches,4,82003,2,PT01,34.674,1.0032405532087263
f11a5a39a1c0edea2faee3baa22c7ff48743ebe98ead557c652ee5e8bc519b62,Disjoint-Branches,4,82003,2,Union10,34.2138,0.9899253515421562
f11a5a39a1c0edea2faee3baa22c7ff48743ebe98ead557c652ee5e8bc519b62,Disjoint-Branches,4,82003,2,Union11,34.9862,1.012273595278051
f125dd7282e7c88caa30afce6fe27d6c1f765e9f5372733354c9367eaf316b0a,Same-Branch,16,81013,4,PT00,171.2137,1.0
f125dd7282e7c88caa30afce6fe27d6c1f765e9f5372733354c9367eaf316b0a,Same-Branch,16,81013,4,PT01,168.1321,0.9820014403053028
f125dd7282e7c88caa30afce6fe27d6c1f765e9f5372733354c9367eaf316b0a,Same-Branch,16,81013,4,Union10,138.4644,0.8087226664688633
f125dd7282e7c88caa30afce6fe27d6c1f765e9f5372733354c9367eaf316b0a,Same-Branch,16,81013,4,Union11,136.7474,0.7986942633679431
f1604e75fd6cc9dc0fb70f96dc4066079c1a553fbead1390c48531a7ac38dc06,Disjoint-Branches,16,83023,1,PT00,151.4562,1.0
f1604e75fd6cc9dc0fb70f96dc4066079c1a553fbead1390c48531a7ac38dc06,Disjoint-Branches,16,83023,1,PT01,142.718,0.9423054321975594
f1604e75fd6cc9dc0fb70f96dc4066079c1a553fbead1390c48531a7ac38dc06,Disjoint-Branches,16,83023,1,Union10,146.1293,0.9648287755800027
f1604e75fd6cc9dc0fb70f96dc4066079c1a553fbead1390c48531a7ac38dc06,Disjoint-Branches,16,83023,1,Union11,146.0212,0.9641150378789379
f242f70a2e00744cdafb457d3ea2b24aa48eedfc274428d3f24ea825b4dff1a0,Disjoint-Branches,4,83023,1,PT00,55.44485,1.0
f242f70a2e00744cdafb457d3ea2b24aa48eedfc274428d3f24ea825b4dff1a0,Disjoint-Branches,4,83023,1,PT01,54.85285,0.989322723390901
f242f70a2e00744cdafb457d3ea2b24aa48eedfc274428d3f24ea825b4dff1a0,Disjoint-Branches,4,83023,1,Union10,55.02465,0.9924212979203659
f242f70a2e00744cdafb457d3ea2b24aa48eedfc274428d3f24ea825b4dff1a0,Disjoint-Branches,4,83023,1,Union11,54.40275,0.9812047466987465
f3acc0c022bfad6b313dc59714beb66b8a59972f6099ded1b45241c02c3c8c6e,Same-Branch,16,86017,1,PT00,174.1567,1.0
f3acc0c022bfad6b313dc59714beb66b8a59972f6099ded1b45241c02c3c8c6e,Same-Branch,16,86017,1,PT01,169.7792,0.9748645903373226
f3acc0c022bfad6b313dc59714beb66b8a59972f6099ded1b45241c02c3c8c6e,Same-Branch,16,86017,1,Union10,144.1864,0.8279118747656564
f3acc0c022bfad6b313dc59714beb66b8a59972f6099ded1b45241c02c3c8c6e,Same-Branch,16,86017,1,Union11,145.6608,0.836377813773458
f6b0319f78304f79cdfd03c683914fb007bc39cd1fd5392d325205e35187e0f0,Same-Branch,4,82003,1,PT00,48.2999,1.0
f6b0319f78304f79cdfd03c683914fb007bc39cd1fd5392d325205e35187e0f0,Same-Branch,4,82003,1,PT01,47.89885,0.9916966701794414
f6b0319f78304f79cdfd03c683914fb007bc39cd1fd5392d325205e35187e0f0,Same-Branch,4,82003,1,Union10,48.07005,0.9952411909755507
f6b0319f78304f79cdfd03c683914fb007bc39cd1fd5392d325205e35187e0f0,Same-Branch,4,82003,1,Union11,47.80265,0.9897049476292912
f8256a7836ba815a8c8604b0a49000965e7ffbb73ebbd49daf7f539f894908ad,Disjoint-Branches,4,84011,1,PT00,34.2476,1.0
f8256a7836ba815a8c8604b0a49000965e7ffbb73ebbd49daf7f539f894908ad,Disjoint-Branches,4,84011,1,PT01,34.3723,1.003641131057359
f8256a7836ba815a8c8604b0a49000965e7ffbb73ebbd49daf7f539f894908ad,Disjoint-Branches,4,84011,1,Union10,34.12985,0.996561802870858
f8256a7836ba815a8c8604b0a49000965e7ffbb73ebbd49daf7f539f894908ad,Disjoint-Branches,4,84011,1,Union11,34.0142,0.9931849239070768
fb6c4e6ebc07652a5a5aa370db910498c2ed64b1914d4168a4212ee226ff34ba,Disjoint-Branches,4,86017,2,PT00,46.916,1.0
fb6c4e6ebc07652a5a5aa370db910498c2ed64b1914d4168a4212ee226ff34ba,Disjoint-Branches,4,86017,2,PT01,46.668,0.9947139568590673
fb6c4e6ebc07652a5a5aa370db910498c2ed64b1914d4168a4212ee226ff34ba,Disjoint-Branches,4,86017,2,Union10,46.5987,0.993236848836218
fb6c4e6ebc07652a5a5aa370db910498c2ed64b1914d4168a4212ee226ff34ba,Disjoint-Branches,4,86017,2,Union11,46.8752,0.9991303606445563
